id,domain,status,purchase_price,renewal_price,attractiveness,demand,length,registrar,created_at,expires_at,status_verified_at
52fd6414-54e0-4afc-8579-628e1b74e685,outlined.poker,available,5.98,85.98,high,low,8,namecheap,,,04/09/2026 19:31
68d0ece2-1980-4264-97f7-488644cd3b43,stateless.poker,available,5.98,85.98,medium,low,9,namecheap,,,21/08/2026 11:01
64c8cf8b-7670-4b62-938d-a708ea1d0a2d,redevelopment.poker,available,5.38,54.02,medium,low,13,spaceship,,,28/09/2026 05:35
85a950f4-2ef6-4ef7-8233-4c85cda7562e,hotly.poker,available,5.98,85.98,medium,low,5,namecheap,,,14/09/2026 23:58
05d73647-4adc-41d0-9098-037d95ee03f7,investigating.poker,available,10.99,67.99,high,low,13,namesilo,,,27/09/2026 09:46
e2e27a2d-ea13-4088-921d-e0a559c9d43e,amsterdam.poker,resell,,,high,low,9,OpusDNS GmbH,21/04/2015 19:11,21/04/2027 19:11,26/09/2026 03:51
82617f3c-dac4-4425-b4c5-0de0956e0895,tapping.poker,available,10.99,67.99,high,low,7,namesilo,,,28/09/2026 20:35
5a1e88fb-9be7-4535-9259-b760a9c26519,annona.poker,available,10.99,67.99,medium,low,6,namesilo,,,19/09/2026 10:30
caa8174e-fab7-41db-9b4b-0d96db3c269d,beekeeper.poker,available,10.99,67.99,high,low,9,namesilo,,,19/09/2026 17:19
180968fd-86a0-4337-a5f3-64f02ff197fe,jogging.poker,available,10.99,67.99,high,low,7,namesilo,,,30/09/2026 02:05
77ec7ae7-a748-44e1-ba77-85f0cd566fa7,quarto.poker,available,10.99,67.99,medium,low,6,namesilo,,,16/09/2026 12:37
0b01618b-f969-4937-8891-82e8790f94c8,adoring.poker,available,10.99,67.99,high,low,7,namesilo,,,21/09/2026 19:41
b3354c4f-8b0f-4329-adb2-5cfc94ed5dd6,germ.poker,available,10.5,,high,low,4,unstoppable,,,29/09/2026 19:01
5fb61754-76fe-4736-a90e-294966109d40,testing.poker,available,10.99,67.99,high,low,7,namesilo,,,27/09/2026 06:58
129b00de-5d37-42a8-a895-cd912fecef98,insist.poker,available,14.99,,high,low,6,name.com,,,
b67637e9-134c-4f72-8da2-6ce1c9497d2c,idiocy.poker,available,5.98,85.98,medium,low,6,namecheap,,,18/09/2026 18:58
ff18a540-93e8-4333-b348-3c0b57da6d7f,philadelphia.poker,resell,,,high,low,12,OpusDNS GmbH,21/04/2015 17:39,21/04/2027 17:39,26/09/2026 08:08
ec52d1d4-347d-4fb0-a63a-ecb0fc23f58e,fifteen.poker,available,10.99,67.99,high,low,7,namesilo,,,21/09/2026 11:44
dd3e8ab4-bc03-485d-9632-fcfd8fe37d61,hinder.poker,available,10.99,67.99,high,low,6,namesilo,,,24/09/2026 23:48
4eb3e982-4cdc-4256-8f49-58d9319bcda2,crib.poker,available,8.24,54.07,high,low,4,porkbun,,,29/09/2026 00:31
cb71f544-9895-48de-a906-3ec11efa33d8,alienage.poker,available,5.98,85.98,medium,low,8,namecheap,,,18/09/2026 07:33
83db637f-ea43-47b5-9fee-71a11bbe62ee,blamed.poker,available,5.98,85.98,medium,low,6,namecheap,,,10/08/2026 12:39
5571003c-ea85-4ada-9ced-6153da474f80,tumultuous.poker,available,5.98,85.98,medium,low,10,namecheap,,,14/08/2026 12:25
41d19930-1476-46d1-ab2c-1af356b6ade1,contented.poker,available,5.98,85.98,high,low,9,namecheap,,,23/09/2026 21:58
9f71542b-25f1-48c2-8e56-688487abbec9,baobab.poker,available,10.99,67.99,medium,low,6,namesilo,,,17/09/2026 06:21
f6201d47-cb6f-4713-a574-51fc7f8592c4,carryforward.poker,available,10.99,67.99,medium,low,13,namesilo,,,16/09/2026 06:47
543cdf47-6f6c-44e5-b6b6-34734f2cc52d,consent.poker,available,5.98,85.98,high,low,7,namecheap,,,08/09/2026 13:17
45f2b997-2244-4d56-85ab-f3375ffd7e23,postcard.poker,available,5.38,54.02,high,low,8,spaceship,,,29/09/2026 13:21
08f241d8-c218-462b-a7cc-f773abb9baa6,rotted.poker,available,5.98,85.98,medium,low,6,namecheap,,,13/08/2026 21:01
1dc11568-47c8-407a-9834-fd17973f8cb2,popped.poker,available,5.38,54.02,medium,low,6,spaceship,,,29/09/2026 11:00
10fd96b2-2653-4a4b-8e26-9d00a623714c,unprecedented.poker,available,10.99,67.99,high,low,13,namesilo,,,29/09/2026 16:15
544244ab-fd27-48a8-8c85-99dad48e81a4,barcarole.poker,available,5.98,85.98,medium,low,9,namecheap,,,22/09/2026 05:06
13d71bb8-1e00-4a93-8cb5-62d65427ea10,bait.poker,available,10.99,67.99,high,low,4,namesilo,,,21/09/2026 19:42
9fda1759-a86e-43d0-8d49-d36f86818612,defection.poker,available,5.98,85.98,medium,low,9,namecheap,,,19/09/2026 19:16
9fc83d89-f6c9-4b95-aed2-48ceb19223b9,lifeboat.poker,available,10.5,,high,low,8,unstoppable,,,29/09/2026 19:32
76999bce-10f6-4f1c-ba51-1b3727fff574,delicately.poker,available,5.98,85.98,high,low,10,namecheap,,,14/09/2026 11:25
593540a3-f97d-44d0-9393-6ae091b8297b,illusional.poker,available,5.98,85.98,medium,low,10,namecheap,,,21/08/2026 20:11
1b399810-6c22-4908-b7be-451b3331cb57,level.poker,available,10.99,67.99,high,medium,5,namesilo,,,24/09/2026 15:32
f785f3eb-9767-4333-a964-4cf97ee4082c,mood.poker,available,52.2,52.2,high,low,4,cloudflare,,,29/09/2026 23:23
ded64f82-373c-4144-8b71-c03892936c34,resists.poker,available,5.98,85.98,medium,low,7,namecheap,,,18/09/2026 10:58
7d9dc1b3-01fd-4d6b-8088-d6e39150456b,cultures.poker,available,10.99,67.99,medium,low,8,namesilo,,,28/09/2026 23:32
f7b0b3b9-2ebc-4c45-a016-a950cab07268,agio.poker,available,5.98,85.98,medium,low,4,namecheap,,,17/09/2026 18:01
ccfd73a1-e375-4b7b-9392-0172d8e03126,tina.poker,available,14.99,88.49,high,low,4,name.com,,,25/09/2026 19:58
5e19140a-24cf-4952-b3da-a3f4a0c66b62,consolidated.poker,available,8.24,54.07,high,low,12,porkbun,,,29/09/2026 16:56
ca0da75c-2079-460c-acd7-eccc66d9cda7,ardent.poker,available,5.98,85.98,high,low,6,namecheap,,,06/08/2026 16:11
c1a69ddd-0ab0-4f2b-9451-f96da9de1b60,bestower.poker,available,10.99,67.99,medium,low,8,namesilo,,,23/09/2026 10:47
5b75fdd9-862b-4dad-a0af-2f3d8a8fac51,below.poker,available,10.99,67.99,high,low,5,namesilo,,,24/09/2026 12:01
5de00442-9428-42aa-a980-fbab66d697a6,invent.poker,available,10.99,67.99,high,low,6,namesilo,,,29/09/2026 14:43
cf440fc4-7e2a-41cb-803b-6d220d412f9b,eternally.poker,available,5.98,85.98,high,low,9,namecheap,,,14/09/2026 16:17
2b5e9585-41dc-4613-9ab3-76ce9e534def,poets.poker,available,5.38,54.02,medium,low,5,spaceship,,,28/09/2026 22:26
9124f47c-fa3d-4a47-a4cc-a1cf3a93d359,babble.poker,available,10.99,67.99,high,low,6,namesilo,,,21/09/2026 12:19
ca7d9af8-4723-4bdc-9056-104d5bbcae95,honesty.poker,available,10.99,67.99,high,low,7,namesilo,,,28/09/2026 06:00
02dd4f55-183d-4ae7-a20e-67c8905a9f23,electricity.poker,available,10.5,,high,low,11,unstoppable,,,28/09/2026 07:43
5666c897-3044-4377-9c86-18343df4a6f7,until.poker,available,14.99,,medium,low,5,name.com,,,
1e785741-887a-4010-9d8b-9835b268a497,martinez.poker,available,10.5,,high,low,8,unstoppable,,,28/09/2026 12:21
9e10c004-c350-430f-aa6a-7395c7ffd25c,congressman.poker,available,10.5,,high,low,11,unstoppable,,,28/09/2026 04:59
fc5f0caf-ee34-4527-8856-31aca74f7caf,lisbon.poker,premium,650,650,high,low,6,namecheap,,,29/09/2026 06:46
7bfffd4c-476b-4588-94ce-847fd52af170,italian.poker,premium,625,625,high,low,7,name.com,,,22/08/2026 11:36
5a6a085a-b4ab-442a-9c3f-78209b179c00,atomism.poker,available,10.99,67.99,medium,low,7,namesilo,,,21/09/2026 00:24
24c0e934-1e60-409c-9154-16300696b8d3,bombs.poker,available,5.98,85.98,medium,low,5,namecheap,,,25/09/2026 21:33
62fd55c5-8acc-43f8-9f3f-899a221cffb5,hydroxy.poker,available,5.98,85.98,medium,low,7,namecheap,,,21/08/2026 16:25
da8f732c-ce76-4558-8b07-9a364ede93fb,sell.poker,available,,,high,medium,4,,,,
bbabd42c-497e-4b14-bb81-c8b7953f72e0,tabs.poker,available,10.99,67.99,medium,low,4,namesilo,,,20/09/2026 01:36
75295a5d-090e-4b47-a56e-397e796ef86b,sums.poker,available,5.98,85.98,medium,low,4,namecheap,,,18/09/2026 07:08
c237ca77-8549-467b-89db-45e1d66486f5,tinny.poker,available,5.98,85.98,medium,low,5,namecheap,,,11/08/2026 09:06
2a6aeabf-d305-4a86-b13c-55d749c38c47,endurable.poker,available,5.98,85.98,medium,low,9,namecheap,,,09/08/2026 04:33
739337ee-73cc-4b84-93a2-c65876a9cf29,vitamins.poker,available,5.38,54.02,medium,low,8,spaceship,,,28/09/2026 08:13
fadd9304-758e-4cb5-88be-70644a859628,subsidiaries.poker,available,10.99,67.99,medium,low,12,namesilo,,,20/09/2026 06:35
f2a1f937-bda4-4ef7-91b4-e2131f6653c9,cva.poker,available,5.98,85.98,medium,low,3,namecheap,,,19/09/2026 19:12
d72e0926-6e6a-4dad-9531-f549774ad1f9,superiors.poker,available,10.99,67.99,medium,low,9,namesilo,,,29/09/2026 05:50
3fc84d16-2c2b-43cf-9dc3-00479d6867bd,kelly.poker,available,10.99,67.99,high,low,5,namesilo,,,25/09/2026 05:33
06b72a87-bc7b-430e-ac05-17f983b7d406,perch.poker,available,5.98,85.98,high,low,5,namecheap,,,
f2fa08f8-a10e-4baf-bc25-cd54a8051025,scarred.poker,available,10.99,67.99,medium,low,7,namesilo,,,25/09/2026 17:02
4c95f3c8-61b0-4571-8dd2-74c02ca330ce,outstanding.poker,available,5.98,85.98,high,low,11,namecheap,,,27/09/2026 06:10
452e321f-9880-4eb4-bd30-dd5558492052,turner.poker,available,5.38,54.02,high,low,6,spaceship,,,29/09/2026 00:58
1b8cff20-a685-42a9-b6b6-c43bf9cf04aa,armored.poker,available,10.99,67.99,high,low,7,namesilo,,,22/09/2026 08:00
0876cc06-27c2-4ce4-a21f-66e3b04fe432,marks.poker,available,5.38,54.02,high,low,5,spaceship,,,29/09/2026 19:25
c1e0d6b8-024e-467d-b85f-1172e806edd9,distinctive.poker,available,10.5,,high,low,11,unstoppable,,,28/09/2026 20:58
96141a18-77e6-4322-aa32-3fa0653e78ec,creole.poker,available,5.98,85.98,high,low,6,namecheap,,,13/08/2026 06:07
4ee550a7-a5e2-4439-8cac-7e92e9073f09,muskegon.poker,available,52.2,52.2,medium,low,8,cloudflare,,,29/09/2026 10:06
6e402439-b599-4933-b46b-0a9162940388,vibrant.poker,available,5.98,85.98,high,low,7,namecheap,,,13/09/2026 05:05
e3ca54a9-3733-4d58-a1b5-1755a88f4d1e,weepy.poker,available,5.98,85.98,medium,low,5,namecheap,,,13/09/2026 10:06
33e75fde-1ba3-4aee-bc97-0337bdeccaf1,elector.poker,available,5.38,54.02,medium,low,7,spaceship,,,28/09/2026 19:03
c6b23a14-5752-4653-ad4c-1b3f8690a3e9,tungsten.poker,available,10.99,67.99,high,low,8,namesilo,,,20/09/2026 23:43
5bc53002-ed38-479f-a5ce-1d811ab8b990,call.poker,premium,78.54,78.54,high,medium,4,namesilo,,,29/09/2026 02:48
082dbf69-8707-411c-a7f5-93cd49081e64,raunchy.poker,available,5.98,85.98,medium,low,7,namecheap,,,09/08/2026 09:41
80252fc1-b94e-46e7-bcf2-885e9c581704,unknowing.poker,available,5.98,85.98,medium,low,9,namecheap,,,12/09/2026 14:22
adf78c69-e2dd-4159-9610-1e08c1f9a043,obliterate.poker,available,5.98,85.98,high,low,10,namecheap,,,10/08/2026 15:34
0f026e90-3958-4016-8226-5c39e23003b6,laziness.poker,available,10.5,,medium,low,8,unstoppable,,,28/09/2026 17:35
93b101b7-69e9-4b49-8b1c-32c47a12a7ba,paunchy.poker,available,5.98,85.98,medium,low,7,namecheap,,,
eb9ece46-aaaf-46e4-816d-682b31b096ed,dyke.poker,available,5.98,85.98,medium,low,4,namecheap,,,11/08/2026 11:35
e8f0ac27-6282-4b6e-884d-9a4fb4def1d0,arius.poker,available,10.99,67.99,medium,low,5,namesilo,,,20/09/2026 06:03
c28c81cd-9230-463c-9af1-491d70496222,haldane.poker,available,5.38,54.02,medium,low,7,spaceship,,,30/09/2026 01:29
b5afa4be-1b33-4b66-8d2a-0ffc5f5ee291,reg.poker,premium,68.51,68.51,high,low,3,spaceship,,,28/09/2026 21:01
251c730e-fe69-44ec-af65-538a6ade272d,melodious.poker,available,5.98,85.98,high,low,9,namecheap,,,24/08/2026 19:38
2fa4acdb-9e34-4b72-b052-a4fd3769e17a,housekeeping.poker,available,5.98,85.98,high,low,12,namecheap,,,29/09/2026 10:23
acf3ff0d-f99d-4d30-87ac-17b92ea6a8c4,spelled.poker,available,10.5,,low,low,7,unstoppable,,,28/09/2026 16:58
8b2be918-bf4a-4ff0-b36c-57e71300eb55,arca.poker,available,10.99,67.99,high,low,4,namesilo,,,20/09/2026 01:31
2e8d9d99-35a8-4ce6-8e62-665f81bb8848,neil.poker,available,10.99,67.99,high,low,4,namesilo,,,25/09/2026 13:57
e3b06f4e-1c9a-4b9a-9609-d0feb5d4cc3e,railway.poker,available,5.38,54.02,high,low,7,spaceship,,,28/09/2026 20:14
89fcd7a2-062f-4db7-ac0f-30c902d4dc39,promotional.poker,available,52.2,52.2,high,low,11,cloudflare,,,29/09/2026 14:37
81c812b9-f9b3-400c-9a4a-d964eca172fb,wisely.poker,available,5.98,85.98,high,low,6,namecheap,,,16/09/2026 00:29
742045a6-c32b-48be-91f2-f0d452d01c2f,baldrick.poker,available,10.99,67.99,medium,low,8,namesilo,,,21/09/2026 21:46
19f7a77b-300a-4a1c-bf12-d836dcf0757d,poof.poker,available,5.98,85.98,medium,low,4,namecheap,,,09/09/2026 08:09
e6c8fde7-4000-48be-b5e1-f5b64d8b8c2f,refundable.poker,available,14.99,,high,low,10,name.com,,,
a3408b65-21c0-4795-bb81-74c3b2bb5371,weakest.poker,available,14.99,,medium,low,7,name.com,,,
0fbbfa0c-ea69-4eef-94be-996682316ee1,abkhasian.poker,available,5.98,85.98,medium,low,9,namecheap,,,
fae1400e-18c4-480d-97f2-ab56b4ad37a7,deformed.poker,available,5.98,85.98,medium,low,8,namecheap,,,13/08/2026 23:37
1fc022eb-a39c-4ad0-a998-5eefa14da0e0,ornery.poker,available,5.98,85.98,medium,low,6,namecheap,,,13/08/2026 08:28
b006d58a-9e01-4279-8801-5c36ecf6d575,promethium.poker,available,10.99,67.99,medium,low,10,namesilo,,,20/09/2026 23:23
30d8170e-8e68-48fd-a665-b5174548fc25,bruxelles.poker,available,10.99,67.99,high,low,9,namesilo,,,23/09/2026 04:57
21bb8666-0628-47d5-9a56-807cad3068de,introduced.poker,available,14.99,,high,low,10,name.com,,,
d8bea923-af08-4285-8ecc-4497ceaa9053,rigorously.poker,available,5.98,85.98,medium,low,10,namecheap,,,15/09/2026 23:46
fcb9e573-afa9-432e-805f-cd61941ec65a,herds.poker,available,5.98,85.98,medium,low,5,namecheap,,,19/09/2026 20:40
85e820a6-a67f-4897-ab95-bc70d84d5e0a,halsey.poker,available,5.38,54.02,medium,low,6,spaceship,,,28/09/2026 16:48
f439a4f7-9d7f-4231-985f-603e9105b891,discoid.poker,available,5.98,85.98,medium,low,7,namecheap,,,14/08/2026 09:38
7947afd9-0495-4660-8e54-57418216dc67,stratified.poker,available,5.98,85.98,medium,low,10,namecheap,,,09/08/2026 06:36
ee4929cb-926f-440c-aa0d-3cab03b55d4d,rubinstein.poker,available,10.99,67.99,medium,low,10,namesilo,,,19/09/2026 15:30
2310ac56-3758-4698-b5e9-00a3621c572a,staffordshire.poker,available,8.24,54.07,medium,low,13,porkbun,,,28/09/2026 11:53
dd4064b2-f3b4-4c22-ac50-7765469a717e,aplysia.poker,available,5.98,85.98,medium,low,7,namecheap,,,19/09/2026 17:53
83df07fd-7b54-40c8-b698-e28e942cb526,allegations.poker,available,10.99,67.99,medium,low,11,namesilo,,,29/09/2026 11:36
43700d21-97c5-4f27-86b6-8979928b5fed,emeritus.poker,available,5.98,85.98,high,low,8,namecheap,,,16/08/2026 15:05
4f848c2e-d0e1-483d-836e-f445affd7630,routes.poker,available,10.5,,medium,low,6,unstoppable,,,29/09/2026 10:52
f3f16a3e-edef-4a0d-8625-7186fcddae8f,alertly.poker,available,5.98,85.98,medium,low,7,namecheap,,,13/09/2026 18:40
8f11957d-50cd-465e-bc3e-91e2e27bf380,pawky.poker,available,5.98,85.98,medium,low,5,namecheap,,,08/09/2026 10:57
70f45d1b-303e-4cce-a40f-2d83fa2f35d8,eighter.poker,available,5.98,85.98,medium,low,7,namecheap,,,
086ce483-7654-4bae-809e-c463ecca288c,crucify.poker,available,5.98,85.98,medium,low,7,namecheap,,,14/08/2026 21:17
0f113054-8672-4215-bddb-3355af28b992,maneuver.poker,available,5.98,85.98,high,low,8,namecheap,,,29/09/2026 18:49
642e8455-5d69-44ba-aa26-de1f5909b52f,crypt.poker,available,5.98,85.98,high,low,5,namecheap,,,24/09/2026 19:58
1e73b2e5-3edb-4d55-8363-748ad5d5ecf2,stolid.poker,available,5.98,85.98,medium,low,6,namecheap,,,21/08/2026 21:51
ea601686-0d7b-4f1a-9cb7-ce00bb7c731d,annotated.poker,available,14.99,,high,low,9,name.com,,,
2917df78-95a5-4d5f-861d-b5a45add301d,info.poker,premium,1107,1107,high,medium,4,namesilo,,,30/09/2026 00:06
035af1b4-0fa2-4aba-a8fc-921bf5647b3f,extinct.poker,available,5.98,85.98,high,low,7,namecheap,,,17/08/2026 19:11
d3618052-7736-4e1e-86ca-57f0dc19e218,barrister.poker,available,10.99,67.99,high,low,9,namesilo,,,22/09/2026 08:39
b9f678c1-ef87-4605-84d0-8cd9c20b87b2,brighton.poker,premium,625,625,high,low,8,name.com,,,24/09/2026 10:19
4a76b74d-89b6-4ca0-847e-c5af26a8f9e8,astrantia.poker,available,10.99,67.99,medium,low,9,namesilo,,,20/09/2026 17:32
48d11210-9d4a-4a0e-8e69-535e417c3ec4,offended.poker,available,5.98,85.98,medium,low,8,namecheap,,,04/09/2026 01:24
cb0de58e-0dc5-42ec-8c19-41a866030650,keypress.poker,available,14.99,,high,low,9,name.com,,,
af22ca62-bf03-4569-bab3-3a796e261924,screwed.poker,available,5.38,54.02,medium,low,7,spaceship,,,28/09/2026 15:59
d76e51be-3d62-4b61-9339-6944d65cc081,hotter.poker,available,10.99,67.99,high,low,6,namesilo,,,29/09/2026 08:52
4c7c85ee-d72b-47f4-bc88-b09954e2adf8,sensational.poker,available,14.99,,high,low,11,name.com,,,
5b7fc0c3-52df-4e74-85ab-ac57d8106cdb,molal.poker,available,5.98,85.98,medium,low,5,namecheap,,,25/08/2026 03:31
0989ef09-aadc-45b7-b6d6-2dde0d222999,ganja.poker,available,5.38,54.02,high,low,5,spaceship,,,29/09/2026 06:40
5fa184a7-0e82-4f69-8806-39bf53dbb5a7,ghoulish.poker,available,5.98,85.98,medium,low,8,namecheap,,,18/08/2026 23:21
5b5cf05a-4bb8-455b-b600-36a8433cc211,framed.poker,available,5.98,85.98,high,low,6,namecheap,,,18/08/2026 14:04
efb4d63b-6e13-4362-9b7b-d5b3768295b6,bicycles.poker,available,10.99,67.99,medium,low,8,namesilo,,,18/09/2026 23:48
f79c8f6e-f37d-43f9-b7f3-5c836653f5f3,allele.poker,available,10.99,67.99,medium,low,6,namesilo,,,18/09/2026 10:44
79d05dcd-4368-48b8-9c5b-8b5e45369b13,temptation.poker,available,5.98,85.98,high,low,10,namecheap,,,28/09/2026 09:41
ee0d3fec-df2b-46b9-9f43-db9be2e27ef5,thirteen.poker,available,5.98,85.98,high,low,8,namecheap,,,21/09/2026 11:32
f759367e-e242-436e-9b8b-ba6d05308125,tottering.poker,available,5.98,85.98,medium,low,9,namecheap,,,11/09/2026 18:14
05be833a-0d9a-4453-80e2-1fb5c017b72a,adrenalin.poker,available,10.99,67.99,high,low,9,namesilo,,,17/09/2026 09:56
e5e19dd7-4e21-4fc1-8d94-f20ecd554cb1,playaround.poker,available,10.99,67.99,medium,low,11,namesilo,,,17/09/2026 06:03
e6a674c8-db17-43a9-bd12-648f1e2442fa,isotonic.poker,available,5.98,85.98,medium,low,8,namecheap,,,22/08/2026 11:18
4ee0283c-66f8-4cdd-a2f9-389872393e77,what.poker,available,14.99,,high,low,4,name.com,,,
2675532d-3aaf-4199-9932-4a3b1ba67bd8,oozy.poker,available,5.98,85.98,medium,low,4,namecheap,,,04/09/2026 15:30
6d3c4950-005d-4ade-9ee4-90b16ef67612,dreamed.poker,available,10.99,67.99,medium,low,7,namesilo,,,27/09/2026 21:44
2dda9ce4-4762-42bb-b2db-8162d07c978b,pinned.poker,available,8.24,54.07,medium,low,6,porkbun,,,28/09/2026 05:02
767620b7-73e6-453b-8599-7b9ec284a2d8,unnumbered.poker,available,5.98,85.98,high,low,10,namecheap,,,13/08/2026 03:46
ca10e28b-ad2d-4e9c-a71c-d41ccec3bdc4,trousers.poker,available,14.99,,high,low,8,name.com,,,
68cf6df1-949c-4054-b1ad-cc0b6309c165,ionic.poker,available,5.98,85.98,high,low,5,namecheap,,,22/08/2026 09:29
c1d4f991-3a4d-42fd-aa2f-78e9eaa46dba,respite.poker,available,10.99,67.99,high,low,7,namesilo,,,16/09/2026 14:06
ac2660c2-7a88-4dfb-bc4e-9a6cb8b5fd8f,formidably.poker,available,5.98,85.98,medium,low,10,namecheap,,,14/09/2026 19:46
dae0da23-cb0c-4097-a07d-705cc6799319,mindanao.poker,available,10.99,67.99,medium,low,8,namesilo,,,28/09/2026 10:28
af225fa7-2949-4459-ae34-d58fdf874a16,transonic.poker,available,5.98,85.98,medium,low,9,namecheap,,,10/09/2026 14:11
cc39303a-cf01-4532-8752-a2305efca206,shipment.poker,available,10.99,67.99,high,low,8,namesilo,,,24/09/2026 12:59
aa58b587-3cd3-495d-80fe-fb56048282fd,sponsors.poker,available,10.5,,medium,low,8,unstoppable,,,29/09/2026 11:40
b28497bc-ec5c-4674-95fa-1d9b44df4439,photos.poker,available,10.99,67.99,high,low,6,namesilo,,,17/09/2026 16:48
1a339f02-8d07-440e-9937-a36dd822e12e,dynamics.poker,available,10.99,67.99,high,low,8,namesilo,,,29/09/2026 12:07
dd377b45-8a13-46ae-937f-192cdfe45ef4,wet.poker,available,10.99,67.99,high,low,3,namesilo,,,22/09/2026 19:43
0546bbf6-79a6-44d0-b5bb-4cc3bf5175b3,cowardice.poker,available,5.98,85.98,medium,low,9,namecheap,,,24/09/2026 18:57
9ed5972d-d1ed-4aef-bdd3-76b16ab944f2,aldebaran.poker,available,10.99,67.99,medium,low,9,namesilo,,,18/09/2026 04:20
47a4d855-00a8-4d9e-bf6f-3e646038541e,eleanor.poker,available,5.98,85.98,high,low,7,namecheap,,,28/09/2026 03:53
62683846-90b8-4cb6-92c0-a8dfba828c88,ibrahim.poker,available,10.99,67.99,high,low,7,namesilo,,,16/09/2026 16:51
72b7be81-6764-4c14-b1a0-b9341f90eba8,destructive.poker,available,14.99,,medium,low,11,name.com,,,
df045bb9-42aa-4019-8253-6575a14c180a,paced.poker,available,10.99,67.99,medium,low,5,namesilo,,,18/09/2026 10:44
006bfeac-73b5-4fea-a78e-2671656f9e76,beyond.poker,premium,68.51,68.51,high,medium,6,spaceship,,,28/09/2026 13:28
6fee7da3-7629-41c5-bf0f-78ec463bd294,gypsy.poker,available,5.98,85.98,high,low,5,namecheap,,,10/08/2026 17:21
05474156-bcbd-4c93-84a1-4d223d3d5134,specimens.poker,available,5.98,85.98,low,low,9,namecheap,,,29/09/2026 16:57
74207f46-bfb6-4b27-be86-37e57ef55e71,hostess.poker,available,14.99,88.49,high,low,7,name.com,,,17/09/2026 22:27
51ad8aa8-2bf2-4e1d-a728-45d620e3821f,luminous.poker,available,5.98,85.98,high,low,8,namecheap,,,
c96d6d38-35e6-4fbc-a521-ecaca0fc09e1,dearly.poker,available,14.99,88.49,high,low,6,name.com,,,13/08/2026 20:00
55957736-6361-4793-841f-2a0fe0343e75,chunky.poker,available,5.98,85.98,high,low,6,namecheap,,,12/08/2026 07:44
5dfde877-d19f-4128-b7af-b558b1cb2789,aigina.poker,available,10.99,67.99,medium,low,6,namesilo,,,17/09/2026 12:15
6ed91504-af0d-4328-8c59-7cd3d331e1f7,dubstep.poker,available,14.99,,high,low,7,name.com,,,
61145a24-ac5a-49a4-a875-76c947382ea3,pollution.poker,available,10.99,67.99,medium,low,9,namesilo,,,23/09/2026 02:05
fb079a80-5ef3-4cfb-846a-0e38f4544ed4,bernhardt.poker,available,10.99,67.99,medium,low,9,namesilo,,,23/09/2026 09:55
d8b84f27-fef1-4530-bfe7-4b01dfac2654,metastatic.poker,available,5.98,85.98,medium,low,10,namecheap,,,24/08/2026 21:49
ff0855e3-0ceb-4afb-ad6d-87d29aad8948,antarctic.poker,available,5.98,85.98,high,low,9,namecheap,,,
42ede040-4d42-4e00-b1db-593cdc787f43,provides.poker,available,10.99,67.99,medium,low,8,namesilo,,,16/09/2026 11:52
3848cf1c-c74d-4a5d-8e05-97313d999322,indwelling.poker,available,5.98,85.98,high,low,10,namecheap,,,22/08/2026 03:37
fd73c080-4942-4073-b4d7-1e27b2d26c51,otc.poker,premium,640,640,high,low,3,namesilo,,,04/09/2026 18:34
1f11b685-0512-4216-a465-05ba17aa77a2,salvation.poker,available,8.24,54.07,high,low,9,porkbun,,,28/09/2026 03:00
5403dbc4-be71-425c-baf6-a1ff17c4448c,toulouse.poker,available,10.99,67.99,high,low,8,namesilo,,,27/09/2026 05:47
cd8c4190-5f22-461b-9f21-11b4a287eab5,printable.poker,available,10.99,67.99,high,low,9,namesilo,,,27/09/2026 05:59
13e69f97-401e-4a3f-9703-09f107f2ab9f,mahler.poker,available,8.24,54.07,medium,low,6,porkbun,,,29/09/2026 01:10
c4b03d69-c6f0-4bda-aca1-e925a20d5fd8,money.poker,premium,3750,,high,medium,5,name.com,,,
7d6399fe-7db9-4ffa-a0fc-f08a26dc422c,tomas.poker,available,5.38,54.02,medium,low,5,spaceship,,,28/09/2026 04:37
cc255a9a-3dfc-4128-815c-03cabf9ed57e,ironically.poker,available,5.98,85.98,medium,low,10,namecheap,,,15/09/2026 09:24
c8869209-03af-44a6-a25e-e36a9930a884,tung.poker,available,10.99,67.99,medium,low,4,namesilo,,,18/09/2026 05:36
94c55c1a-c901-4b1e-be30-2b51c3855ceb,edamame.poker,available,5.98,85.98,high,low,7,namecheap,,,20/09/2026 02:22
3e09f9f3-3886-4b3e-811a-dacb5addd904,tearful.poker,available,5.98,85.98,medium,low,7,namecheap,,,14/08/2026 15:35
9f99c9f1-2ec1-4799-97f1-bf166a6e2db0,asparagine.poker,available,10.99,67.99,medium,low,10,namesilo,,,20/09/2026 14:39
fa7cb3b4-0986-4a25-ab4f-ff17be676646,phantasm.poker,available,5.98,85.98,high,low,8,namecheap,,,08/09/2026 18:36
36778a31-0e54-4b6a-9add-4abe9e4e55e2,contraband.poker,available,5.98,85.98,high,low,10,namecheap,,,22/09/2026 21:25
ceb6cf2f-ea40-4e57-b4d2-86d4bb1ab666,imminent.poker,available,5.98,85.98,high,low,8,namecheap,,,21/08/2026 20:55
952d3448-4f6c-4aed-984d-964192ba8d71,appreciative.poker,available,14.99,,high,low,12,name.com,,,
814252a3-55b5-45e0-a4c9-7edc75844519,recap.poker,available,14.99,,high,low,5,name.com,,,
095ed89f-a361-4e6e-b08c-ef4056aac8bf,absolutist.poker,available,5.98,85.98,high,low,10,namecheap,,,
90005a62-71ae-4382-95fc-748c0a6835af,susurrous.poker,available,5.98,85.98,medium,low,9,namecheap,,,03/09/2026 11:24
0cbe042a-9f0b-4dad-9a90-a609a971fe78,flattened.poker,available,5.98,85.98,medium,low,9,namecheap,,,18/08/2026 06:55
1a06752b-a48f-43ee-a58f-7837b371a701,undefeated.poker,available,5.98,85.98,high,low,10,namecheap,,,12/09/2026 07:12
7c186301-864d-454a-8d80-9e3c154ce4f1,richard.poker,available,10.99,67.99,high,low,7,namesilo,,,25/09/2026 17:40
cff0f568-1c01-4f02-ac10-4d2e8b09f0cd,symbols.poker,available,10.99,67.99,medium,low,7,namesilo,,,29/09/2026 04:46
0b8fbb64-f82d-464f-bc67-8ab16e0393ea,alienism.poker,available,14.99,88.49,medium,low,8,name.com,,,18/09/2026 07:34
0f4dae70-d96e-4ce4-bd9f-33611e0f5c48,overleaf.poker,available,5.98,85.98,medium,low,8,namecheap,,,15/09/2026 18:27
2989d9c6-cc3b-4084-a50b-6bad6c58d548,singing.poker,available,5.98,85.98,high,low,7,namecheap,,,11/08/2026 17:40
d22cc071-01d2-416a-99cf-bf370947b45b,hunger.poker,available,10.5,,high,low,6,unstoppable,,,29/09/2026 23:24
2550868c-c693-4ebe-a5ab-61183bb363e7,mess.poker,available,5.98,85.98,high,low,4,namecheap,,,25/08/2026 00:30
2ef6086f-d5a1-4ee8-a234-5d9ee6e60521,inviolate.poker,available,5.98,85.98,medium,low,9,namecheap,,,22/08/2026 09:06
415c494c-e454-43cf-9077-d6fac2a91647,arguer.poker,available,5.98,85.98,medium,low,6,namecheap,,,20/09/2026 04:46
cd0efa19-c0b4-4740-a9e9-dba71a08b5e3,reachable.poker,available,5.98,85.98,high,low,9,namecheap,,,09/09/2026 10:55
06efd10a-1632-4698-aec9-5124706f95db,goldilocks.poker,available,5.98,85.98,high,low,10,namecheap,,,20/09/2026 17:03
14d88073-bd20-4b1c-b809-59b21be0d5ab,extended.poker,available,5.98,85.98,high,low,8,namecheap,,,14/08/2026 18:31
6ed07382-45a8-4588-9cfe-73db1b0e48c2,land.poker,available,8.24,55.86,high,low,4,dynadot,,,28/09/2026 18:00
93f0ebc4-e6c2-422a-95a8-d80361e8845c,ennis.poker,available,52.2,52.2,high,low,5,cloudflare,,,29/09/2026 10:00
847ba82b-276d-462b-aa7e-59f0fec0729c,warring.poker,available,5.98,85.98,medium,low,7,namecheap,,,13/09/2026 08:11
3e11f533-2daa-41e1-b1d6-835266e4ba16,trooper.poker,available,10.5,,high,low,7,unstoppable,,,29/09/2026 00:23
a4ae49ee-c051-4ec4-a9fb-6db50b9f167a,fictive.poker,available,5.98,85.98,medium,low,7,namecheap,,,07/08/2026 07:55
9c5d541e-e64a-4d89-b93c-fbf1d5a0a2e2,childs.poker,available,10.5,,high,low,6,unstoppable,,,28/09/2026 12:16
01c39430-f600-42cb-91a7-c788755f9d3f,understand.poker,available,14.99,,high,low,10,name.com,,,
2e4556ed-3d46-4dc5-ad2c-8b5285d0e136,ivor.poker,available,5.98,85.98,high,low,4,namecheap,,,29/09/2026 22:08
4c8785c3-c0f0-49e4-9f6c-e17c555cf640,este.poker,available,10.99,67.99,high,low,4,namesilo,,,29/09/2026 15:17
deff4fbf-8990-4a79-85dd-939fc7efa15d,vagile.poker,available,5.98,85.98,low,low,6,namecheap,,,13/09/2026 00:47
eb467cb5-5a69-4ea6-8e21-e9a553c42116,ackack.poker,available,5.98,85.98,medium,low,7,namecheap,,,
d2c0d855-24ba-4213-bea4-24539e07da81,wonky.poker,available,5.98,85.98,medium,low,5,namecheap,,,07/08/2026 03:46
a4a0752f-f95c-40be-875c-2e22bf35d612,portsmouth.poker,available,10.99,67.99,high,low,10,namesilo,,,25/09/2026 10:02
449316fc-edf3-470c-bfed-0814743fc3a6,bezique.poker,available,14.99,88.49,medium,low,7,name.com,,,23/09/2026 12:24
703a6591-0791-45b9-aa45-71426e835362,flyaway.poker,available,5.98,85.98,medium,low,7,namecheap,,,18/08/2026 08:13
dcb43adf-3c72-4077-9ad5-6b116cdd5a65,endangered.poker,available,5.98,85.98,high,low,10,namecheap,,,17/08/2026 00:51
11e2b345-b17c-4d76-b4a6-2a59bb84c77a,abaft.poker,available,5.98,85.98,low,low,5,namecheap,,,
c2fbbbac-80ee-4501-a31a-34a483f93ec0,jillion.poker,available,5.98,85.98,medium,low,7,namecheap,,,11/09/2026 19:52
57a41d88-9d3b-4d24-827d-3f16967da043,purple.poker,available,10.99,67.99,high,medium,6,namesilo,,,24/09/2026 13:58
2fdcd37f-c748-435b-9529-e30259dcc4a4,falmouth.poker,available,5.38,54.02,medium,low,8,spaceship,,,28/09/2026 07:50
d1605e53-e5d4-4a89-9123-a4eeca4c90c1,soundly.poker,available,10.99,67.99,high,low,7,namesilo,,,16/09/2026 05:34
1f8e69e2-4962-44f1-8091-d2a17eecf215,livid.poker,available,5.98,85.98,medium,low,5,namecheap,,,07/08/2026 02:24
d763c6fe-06cd-454f-8ca5-e5237383e3e0,biological.poker,available,5.98,85.98,high,low,10,namecheap,,,22/09/2026 20:55
415f3ee8-eef5-49dc-b9f3-6cd341edec07,paxton.poker,available,5.38,54.02,medium,low,6,spaceship,,,28/09/2026 14:39
1e7e9487-3291-47d4-a9e0-d9dd84a55bbc,boozer.poker,available,5.98,85.98,medium,low,6,namecheap,,,
e19a816a-e667-4c5d-85de-a3ff573410de,macaronic.poker,available,5.98,85.98,medium,low,9,namecheap,,,24/08/2026 12:44
b67c4f21-3d4c-4714-a9ca-f5000d61f13a,companies.poker,available,10.99,67.99,high,low,9,namesilo,,,28/09/2026 04:54
56df1827-5496-4a37-bc40-fee900319d64,user.poker,available,10.99,67.99,high,medium,4,namesilo,,,25/09/2026 00:16
0eb46436-efe0-42d6-b4e0-b5e4d2a4757d,tuned.poker,available,10.99,67.99,medium,low,5,namesilo,,,28/09/2026 12:55
ee7bd49b-2797-4d11-a25e-bb352358f34a,painting.poker,available,10.99,67.99,high,low,8,namesilo,,,25/09/2026 07:33
eb4d6402-399d-4739-a7fd-5df211c067d3,men.poker,premium,625,,high,low,3,name.com,,,
7aebed53-434f-49b9-aace-b946cab076ba,unlined.poker,available,5.98,85.98,medium,low,7,namecheap,,,12/09/2026 14:54
cc06b8b7-eea4-46b4-800c-0ad278d147b7,scaley.poker,available,5.98,85.98,medium,low,6,namecheap,,,09/09/2026 22:18
76d3c0ab-b537-4bb3-ab97-d6208f3141d1,studious.poker,available,5.98,85.98,high,low,8,namecheap,,,10/08/2026 19:10
955c77c0-e0cb-4123-93d0-bf9ab4fc1fbb,misguided.poker,available,5.98,85.98,medium,low,9,namecheap,,,21/08/2026 18:57
9340046b-fb99-498b-a318-4fc2c10ae233,rimbaud.poker,available,10.99,67.99,medium,low,7,namesilo,,,20/09/2026 11:03
804509aa-3290-400b-bb20-085f629d6c56,heralded.poker,available,5.98,85.98,medium,low,8,namecheap,,,21/08/2026 06:51
862df747-a997-44c8-aa1c-6a2ecaccfc30,pha.poker,available,5.38,54.02,medium,low,3,spaceship,,,29/09/2026 21:39
fde70fe7-13d9-46f5-b758-40f0c5cef507,sandy.poker,available,5.98,85.98,high,low,5,namecheap,,,06/08/2026 17:31
e5e12384-6197-4627-a602-ac054280943c,buckeye.poker,available,10.99,67.99,high,low,7,namesilo,,,17/09/2026 13:22
40a21409-8138-4417-aa2e-880e487b3e10,ken.poker,available,14.99,103.99,high,low,3,godaddy,,,30/09/2026 02:05
967605c5-fa52-4447-96e1-eaf6f91f3fdf,woods.poker,available,5.38,54.02,high,low,5,spaceship,,,29/09/2026 19:51
33e1817f-745e-47ad-8fa0-acd544af9c12,sauna.poker,available,14.99,,high,low,5,name.com,,,
fcf2b34a-0c7e-4006-8f9e-e5af680dca0e,monica.poker,available,10.99,67.99,high,low,6,namesilo,,,25/09/2026 13:55
f97ae665-00bf-4e3d-b756-a986d58a7f5b,dighted.poker,available,5.98,85.98,low,low,7,namecheap,,,14/08/2026 07:17
3b4e5084-cae3-4d8c-82cb-3fccb57d0cfb,buys.poker,available,52.2,52.2,high,low,4,cloudflare,,,28/09/2026 09:07
70a4c2bb-9370-4747-9967-77bd55ea05bc,awning.poker,available,10.99,67.99,high,low,6,namesilo,,,21/09/2026 10:12
3d5b0a95-8042-4b76-b5a5-bc23305e95df,baksheesh.poker,available,14.99,88.49,high,low,9,name.com,,,21/09/2026 15:52
c0ef9ad7-f4cf-4a94-a8b0-b10e78f5d390,derisory.poker,available,5.98,85.98,medium,low,8,namecheap,,,14/08/2026 02:56
b004ff02-9a93-4c23-b160-79a568c2d6e2,spousal.poker,available,5.98,85.98,high,low,7,namecheap,,,11/08/2026 03:56
0eacae71-74da-417e-a498-5465946c6958,vascular.poker,available,5.98,85.98,medium,low,8,namecheap,,,13/09/2026 01:33
1ed527ac-3c71-43e7-8ee4-9f7b91a53653,arabis.poker,available,10.99,67.99,medium,low,6,namesilo,,,19/09/2026 23:33
64241054-affb-485d-8580-e1e04d3ec319,elated.poker,available,5.98,85.98,high,low,6,namecheap,,,16/08/2026 00:44
5d0cde07-5122-4436-a1ce-af815def4977,slim.poker,available,52.2,52.2,high,low,4,cloudflare,,,27/09/2026 22:35
46c8ae40-aca4-43cd-913c-f1e1cb0de448,greenville.poker,available,10.99,67.99,high,low,10,namesilo,,,25/09/2026 06:42
fc885982-879f-4bf8-8474-d30251308a3d,thrasher.poker,available,10.99,67.99,medium,low,8,namesilo,,,18/09/2026 13:24
a198a67e-a67d-40b7-95e3-06f5e05373d4,intently.poker,available,5.98,85.98,medium,low,8,namecheap,,,15/09/2026 08:56
69fe6e8c-8cf4-4ae2-aa8b-076b34bb73ba,petra.poker,premium,640,640,high,low,5,namesilo,,,28/09/2026 11:54
135be3b1-c167-4650-80da-ca6d040f751f,chinquapin.poker,available,10.99,67.99,medium,low,10,namesilo,,,18/09/2026 10:57
f7f06a2a-a1c2-43b4-8451-a68f754f8528,busily.poker,available,5.98,85.98,medium,low,6,namecheap,,,14/09/2026 01:53
1d7c5507-b02a-472c-9d4c-a94fa2aaf909,wassermann.poker,available,10.99,67.99,high,low,10,namesilo,,,21/09/2026 03:49
d003a90b-838b-40ff-b8b2-fc080dfe5d3b,xiii.poker,available,5.98,85.98,high,low,4,namecheap,,,21/09/2026 11:34
6133b933-1578-41b6-99ef-9951336f8510,ambiance.poker,available,10.99,67.99,high,low,8,namesilo,,,18/09/2026 16:40
50cfc753-cf4c-4894-bfdb-fc52fcfedb1b,yeltsin.poker,available,5.38,54.02,medium,low,7,spaceship,,,28/09/2026 22:09
ff0c534c-379d-498d-9da9-8464d2b7a9dd,grande.poker,available,52.2,52.2,high,low,6,cloudflare,,,29/09/2026 02:58
323862e5-9cc8-4b46-a95e-ef98377632d3,crane.poker,available,5.98,85.98,high,low,5,namecheap,,,24/09/2026 19:02
e52425c8-74b4-4fa1-9442-1bfa9d2c2dec,immobile.poker,available,5.98,85.98,medium,low,8,namecheap,,,21/08/2026 21:05
1a10aba4-7e90-4e81-86c0-8dc4c5b0b5ed,peppery.poker,available,5.98,85.98,high,low,7,namecheap,,,08/09/2026 15:37
a889c71e-5f39-48cc-ac6d-3bf383d14cfd,accession.poker,available,5.98,85.98,high,low,9,namecheap,,,16/09/2026 22:09
4921653a-fe59-4c8e-aa42-3d5f2955f59c,additive.poker,available,5.98,85.98,high,low,8,namecheap,,,
489058d0-0bdb-4b35-9e59-93fabf96a918,tenderness.poker,available,10.99,67.99,high,low,10,namesilo,,,17/09/2026 14:18
c46e203f-b0f2-4688-9595-2df503cc1bc6,screened.poker,available,10.99,67.99,medium,low,8,namesilo,,,30/09/2026 00:45
53f1aff6-1893-43ec-b224-e6845ceb06c4,precambrian.poker,available,10.99,67.99,medium,low,11,namesilo,,,29/09/2026 04:02
33f57f85-a317-4161-ab6d-7507922c95cf,thomas.poker,available,10.99,67.99,high,medium,6,namesilo,,,25/09/2026 04:57
f3b2652d-c388-466b-98fb-5f3e0f5f0eaa,chet.poker,available,5.38,54.02,high,low,4,spaceship,,,29/09/2026 03:38
e7152913-aca5-4bdf-bcd2-374fdfe83798,rumors.poker,available,10.99,67.99,medium,low,6,namesilo,,,27/09/2026 09:37
265b45bc-6824-46d9-b473-b57fa7524955,shaggy.poker,available,5.98,85.98,high,low,6,namecheap,,,11/08/2026 11:17
4d6640f6-0b7c-4198-b50b-a560541e5722,marianne.poker,available,5.38,54.02,medium,low,8,spaceship,,,29/09/2026 03:47
8dcbb36a-27da-4653-bcf0-b59827466b27,recreational.poker,available,52.2,52.2,high,low,12,cloudflare,,,29/09/2026 10:15
5a431df6-989b-4b8e-8faf-7e76efa12361,herzog.poker,available,52.2,52.2,high,low,6,cloudflare,,,28/09/2026 16:13
c0207a72-c3d5-4434-a348-3425db1d5a54,alprazolam.poker,available,10.99,67.99,medium,low,10,namesilo,,,18/09/2026 14:08
4b829863-45cf-4dbb-81fb-58edadbda8d1,ordinance.poker,available,5.98,85.98,high,low,9,namecheap,,,09/09/2026 13:13
5473fd4a-64d0-48e2-85bf-5b2864cb539f,jenna.poker,available,10.99,67.99,medium,low,5,namesilo,,,29/09/2026 04:01
fe836293-ee7d-4d4c-b795-4fb0941f6723,differ.poker,available,8.24,54.07,high,low,6,porkbun,,,28/09/2026 20:49
58de2f09-055b-46a9-b62f-7383888beeb8,buffalo.poker,premium,650,650,high,low,7,namecheap,,,18/09/2026 19:11
7f715345-a6f9-41b9-a2b3-3aa727b558f1,babyish.poker,available,5.98,85.98,medium,low,7,namecheap,,,08/08/2026 03:53
715fdfa4-6655-4ee0-97dd-5bf2aada62ef,lockbox.poker,available,10.5,,high,low,7,unstoppable,,,29/09/2026 14:03
21348642-fd8d-4858-aa9b-96e636a3666e,apocynum.poker,available,5.98,85.98,medium,low,8,namecheap,,,19/09/2026 18:15
72f6b74e-9721-4bf8-ac68-d8522a9e1cd6,mendocino.poker,available,5.38,54.02,medium,low,9,spaceship,,,29/09/2026 22:47
2aadcfc1-725e-4f61-bc16-4865dbaea24c,outboard.poker,available,5.98,85.98,high,low,8,namecheap,,,04/09/2026 18:55
87aad03a-6db4-4a79-aba1-0374964166a0,concentrated.poker,available,14.99,,high,low,12,name.com,,,
6a6c3386-50ed-4bbe-96ea-c7bd28d03ea1,occupant.poker,available,5.98,85.98,high,low,8,namecheap,,,09/09/2026 14:52
bbe30b70-5536-46a7-8158-7373b78503b8,archie.poker,available,5.38,54.02,high,low,6,spaceship,,,28/09/2026 03:27
a73e6c20-205a-4544-84c5-937ac20eb802,mosey.poker,available,10.99,67.99,medium,low,5,namesilo,,,18/09/2026 17:00
5406a7f0-d034-41b2-94a8-75867b89d896,gossipy.poker,available,5.98,85.98,medium,low,7,namecheap,,,20/08/2026 17:09
d13df834-ac57-4bca-a316-fcac56120617,dapper.poker,available,14.99,88.49,high,low,6,name.com,,,13/08/2026 17:25
e8d75d15-1fe1-418b-beb7-179913c25eb2,stoolie.poker,available,5.98,85.98,medium,low,7,namecheap,,,11/08/2026 16:46
cf191eb4-4f34-4377-9244-f7ad4808ee77,eta.poker,available,5.98,85.98,high,low,3,namecheap,,,22/09/2026 11:43
fb647af9-3e7f-4147-9aac-dea19cf07da8,imbecile.poker,available,5.98,85.98,medium,low,8,namecheap,,,21/08/2026 20:22
0fcac342-9d13-4577-b83f-afbfd4a1b378,germania.poker,available,10.99,67.99,medium,low,8,namesilo,,,29/09/2026 21:50
c4902bd6-3297-45bb-a859-2c888efc829c,sanctions.poker,available,10.99,67.99,medium,low,9,namesilo,,,20/09/2026 01:56
41e8a698-522e-4e06-b68e-c751e2b63a6c,niches.poker,available,10.99,67.99,high,low,6,namesilo,,,20/09/2026 09:56
67bbd120-9570-4e5d-b9ee-06114aeb9ef4,unobvious.poker,available,5.98,85.98,medium,low,9,namecheap,,,12/09/2026 16:07
5be1e793-c286-4440-bba8-bce5d3b55667,lease.poker,available,5.98,85.98,high,low,5,namecheap,,,09/09/2026 14:19
0e07ca86-3ae1-4847-9d27-14670830d3b0,pipe.poker,available,8.24,54.07,high,low,4,porkbun,,,27/09/2026 21:32
32521295-1432-4a70-954d-76ddaa40c94e,bipolar.poker,available,5.98,85.98,high,low,7,namecheap,,,10/08/2026 05:30
804f4885-8f5b-452d-a289-815a552dee65,appearances.poker,available,8.24,55.86,low,low,11,dynadot,,,28/09/2026 23:35
7d69bd47-bef5-4991-b526-9900de23da5a,concerning.poker,available,52.2,52.2,high,low,10,cloudflare,,,28/09/2026 03:24
85d30282-8118-49c3-a882-e0614cfcf1a2,instruments.poker,available,5.38,54.02,high,low,11,spaceship,,,28/09/2026 04:58
39bf66b6-2682-4653-93c4-59a8def6a354,fusiform.poker,available,5.98,85.98,medium,low,8,namecheap,,,12/08/2026 08:02
f4b86e08-ccd5-4a0d-a7ed-7df2fc89fe6d,cimarron.poker,available,10.99,67.99,high,low,8,namesilo,,,23/09/2026 15:12
4767243c-49e4-45fa-83d5-e121be9fc478,omar.poker,available,10.99,67.99,high,low,4,namesilo,,,25/09/2026 15:21
76528141-5bc5-4df5-8fce-8cb22df48bb6,befitting.poker,available,5.98,85.98,medium,low,9,namecheap,,,09/08/2026 08:38
69a09ab2-0731-45a2-8ba9-2112a067f118,dismayed.poker,available,5.98,85.98,medium,low,8,namecheap,,,
6a865df1-e60e-41b2-9a3d-994c0a1c3506,seward.poker,available,5.38,54.02,high,low,6,spaceship,,,28/09/2026 03:05
58eb46ea-1b7b-41d5-b73b-649817b2103c,preacher.poker,available,8.24,55.86,high,low,8,dynadot,,,27/09/2026 15:23
4c9de303-82f7-444d-b06f-6141da30c4e6,enlivened.poker,available,5.98,85.98,high,low,9,namecheap,,,17/08/2026 09:37
ffe49768-11b7-4497-bb96-741749867c35,nineteen.poker,available,10.99,67.99,high,low,8,namesilo,,,21/09/2026 12:05
36738a4f-9ffc-4cee-ad6e-2553ef92610e,period.poker,available,10.99,67.99,high,low,6,namesilo,,,29/09/2026 07:41
eaab5729-1674-4adc-8ddb-b210ec7f5ac6,tref.poker,available,5.98,85.98,medium,low,4,namecheap,,,03/09/2026 19:37
2d8044df-68c6-4a2a-8cf6-a21286987af3,baa.poker,premium,78.54,78.54,high,low,3,namesilo,,,10/08/2026 13:40
524855f8-9b3f-43f2-ba0d-b4b75d397b00,asystole.poker,available,5.98,85.98,medium,low,8,namecheap,,,20/09/2026 18:57
bcccd648-d001-4bda-8e16-d12e2022024f,colouring.poker,available,5.98,85.98,high,low,9,namecheap,,,12/08/2026 17:33
dc502242-a089-4ae8-a280-404cd425e8c4,throngs.poker,available,10.99,67.99,medium,low,7,namesilo,,,20/09/2026 14:21
8d59a58e-399e-44aa-819a-08cd27803da4,activate.poker,available,10.5,,high,low,8,unstoppable,,,28/09/2026 06:46
0612f4da-577d-4bc0-849f-8110a4906b4f,ease.poker,available,5.98,85.98,high,low,4,namecheap,,,27/09/2026 13:14
dff122bb-c06c-4bbc-b15c-218f46cf24a5,twit.poker,available,5.98,85.98,high,low,4,namecheap,,,11/09/2026 09:11
de77abb4-3d87-4f90-9dbf-224cdfa95adf,burrows.poker,available,8.24,55.86,medium,low,7,dynadot,,,29/09/2026 03:16
1b0aa526-430c-4707-a28d-ec43609555ee,thy.poker,available,52.2,52.2,medium,low,3,cloudflare,,,28/09/2026 15:36
641b3860-aaa7-49cd-9200-644c6dca056f,impression.poker,available,10.5,,high,low,10,unstoppable,,,29/09/2026 23:38
1df22ecb-abd8-4c5d-8005-08d1ced8e968,grandchildren.poker,available,5.98,85.98,medium,low,13,namecheap,,,
d5dedf42-9594-4231-aff6-5070ab24043f,worked.poker,available,14.99,,high,low,6,name.com,,,
7c85da0a-91fe-40f0-bbf2-42e9e17253e6,ven.poker,available,10.5,,high,low,3,unstoppable,,,29/09/2026 16:15
edf23cf0-49bc-491c-a0b3-8d70e69577c9,phantasma.poker,available,5.98,85.98,high,low,9,namecheap,,,08/09/2026 18:38
f7dd8141-a60b-4e8d-a918-32de2ac2d49b,cultural.poker,available,5.98,85.98,high,low,8,namecheap,,,13/08/2026 10:15
524c6609-030e-42f8-ab90-1f4a73e68d45,brigade.poker,available,5.98,85.98,high,low,7,namecheap,,,24/09/2026 10:19
eb53d3e0-560a-40db-8e3d-89a53cff8da7,neckless.poker,available,5.98,85.98,medium,low,8,namecheap,,,03/09/2026 14:41
7306dbd4-8761-404a-888b-6bd720f9e033,asafoetida.poker,available,5.98,85.98,medium,low,10,namecheap,,,20/09/2026 12:43
686e5bc5-151d-406b-ba93-c0483b948ded,coroner.poker,available,10.5,,medium,low,7,unstoppable,,,28/09/2026 09:27
1135f6da-1971-49ce-b8bc-ae9e467b3bbc,trapped.poker,available,5.98,85.98,medium,low,7,namecheap,,,07/08/2026 11:08
ba433730-4b8e-4f4d-a3af-1538b28cfb10,sbs.poker,premium,640,640,high,low,3,namesilo,,,29/09/2026 03:45
dc80d02c-271a-4cfd-943c-c522001582bf,aerobic.poker,available,5.98,85.98,high,low,7,namecheap,,,21/09/2026 21:01
99b4d1f8-f0e6-4185-941a-f7dab6b79595,vicky.poker,available,5.98,85.98,medium,low,5,namecheap,,,29/09/2026 03:57
e098e4af-dd32-42a7-b461-3df683c494a8,delivered.poker,available,5.98,85.98,medium,low,9,namecheap,,,25/09/2026 18:04
73f68ffa-9a43-4c7c-892e-24423053e0c7,twisted.poker,available,5.98,85.98,high,low,7,namecheap,,,25/08/2026 01:43
a260a33f-416e-4cc0-a2db-c130f8b0e1e3,beckett.poker,available,10.99,67.99,high,low,7,namesilo,,,22/09/2026 22:39
e24ebc9d-526c-4081-ab6a-46f473bc641f,trusty.poker,available,5.98,85.98,high,low,6,namecheap,,,11/09/2026 20:49
087dccd1-6b99-44db-b35f-340b40e4911a,blowback.poker,premium,78.54,78.54,medium,low,8,namesilo,,,21/09/2026 15:28
8c9d37b2-21e0-4363-b6a3-3ca2892b6932,kazan.poker,available,10.99,67.99,high,low,5,namesilo,,,28/09/2026 05:35
919ed0ca-2e0c-48a4-83f0-2b8c6fbdba6f,barred.poker,available,5.98,85.98,medium,low,6,namecheap,,,08/08/2026 20:37
d5b66cbf-bd22-428b-8b11-4ad31e3330f3,speeds.poker,available,10.99,67.99,medium,low,6,namesilo,,,20/09/2026 02:30
33d7ce3b-730a-4c8e-9cf2-9bf240eebddf,sleeping.poker,available,5.38,54.02,high,low,8,spaceship,,,27/09/2026 22:26
c76db838-aa6e-4d23-89e5-1a9a7f0a658a,iodine.poker,available,5.98,85.98,high,low,6,namecheap,,,21/08/2026 17:24
df490adf-a27b-4cf2-b43f-839eb4299b70,airplanes.poker,available,5.38,54.02,medium,low,9,spaceship,,,28/09/2026 22:55
1e334afd-4941-423d-ac38-3abbab5c85e3,keyset.poker,available,5.98,85.98,low,low,7,namecheap,,,21/09/2026 00:17
40065306-f1df-4c7d-8fdc-99667bc78572,medic.poker,available,10.99,67.99,high,low,5,namesilo,,,29/09/2026 19:38
cefcbc52-e1c1-4596-84b4-3ce0e9603722,similitude.poker,available,10.99,67.99,medium,low,10,namesilo,,,18/09/2026 07:51
9936287b-ea21-4246-b8f7-06f0a625843e,qualities.poker,available,5.38,54.02,medium,low,9,spaceship,,,28/09/2026 08:30
5cb0436c-5c56-4fac-b234-8d78d90b1b85,rash.poker,available,5.98,85.98,high,low,4,namecheap,,,18/08/2026 10:31
3615db73-6d4e-402c-be5d-426f21d14ca4,bombastic.poker,available,5.98,85.98,high,low,9,namecheap,,,10/08/2026 18:01
73262d65-1c8b-4ffe-87a7-98bc5e6acc4b,deviance.poker,available,10.99,67.99,medium,low,8,namesilo,,,16/09/2026 15:16
7ffeea9a-763b-4b2f-a0b5-aa920d55e254,aps.poker,premium,500.5,,high,low,3,unstoppable,,,29/09/2026 10:56
6714a884-c352-4e14-8dbd-fe7281a0326a,islands.poker,available,14.99,,high,low,7,name.com,,,
b48d0836-986e-4c32-8384-ef99a52b5d47,texan.poker,available,5.98,85.98,high,low,5,namecheap,,,11/09/2026 12:15
bff4e37f-bb09-4e48-9e6b-6802c0a72913,avidity.poker,available,10.99,67.99,high,low,7,namesilo,,,21/09/2026 09:28
f2db8076-7317-4590-a387-82ea4774d773,masterly.poker,available,5.98,85.98,high,low,8,namecheap,,,23/09/2026 21:40
e6925fa9-825f-4457-9cab-c42149fb2c9d,lumpen.poker,available,5.98,85.98,medium,low,6,namecheap,,,24/08/2026 11:14
a826aafc-9cb7-4771-91c4-3eba8c1f998e,neighborly.poker,available,5.98,85.98,high,low,10,namecheap,,,03/09/2026 15:16
b20e4750-9e53-427c-bc79-93b55d9dbcc9,bawd.poker,available,14.99,88.49,medium,low,4,name.com,,,13/08/2026 14:22
7b441530-a865-4259-a87c-b41d2143b254,genesis.poker,available,10.99,67.99,high,medium,7,namesilo,,,29/09/2026 03:33
ac7f11b7-4c2c-4e15-8dbe-910b7431a0eb,ameboid.poker,available,5.98,85.98,medium,low,7,namecheap,,,
1c0b00e6-25c9-4f18-a82c-03efc1045dc5,terracotta.poker,available,10.99,67.99,high,low,11,namesilo,,,17/09/2026 09:12
58af41d9-6803-44c8-abca-51de39f4e798,occupy.poker,available,10.99,67.99,high,low,6,namesilo,,,23/09/2026 12:12
51a80276-ecb8-4889-a26f-9289723c2af7,hamid.poker,available,5.38,54.02,medium,low,5,spaceship,,,28/09/2026 16:11
d9791fe4-0fea-4e52-924c-82eba1ecb8da,andiron.poker,available,10.99,67.99,medium,low,7,namesilo,,,19/09/2026 04:06
88663ae4-87c4-411b-8641-4dbbb9a3eb74,unsuccessful.poker,available,5.38,54.02,medium,low,12,spaceship,,,29/09/2026 21:15
17b2c4fc-6dca-45a5-9651-4e48a25e784a,miserable.poker,available,5.98,85.98,high,low,9,namecheap,,,
55676898-5e16-49c9-a175-42da7521571a,pained.poker,available,5.98,85.98,medium,low,6,namecheap,,,04/09/2026 01:26
bb33fa13-61dd-4f21-9bc6-b62eaa1d7823,graeme.poker,available,52.2,52.2,medium,low,6,cloudflare,,,29/09/2026 03:58
ef2324d1-000c-49fc-b9ef-002d6cbd8505,araneae.poker,available,10.99,67.99,medium,low,7,namesilo,,,20/09/2026 00:06
721e7b1d-d23c-4aea-8cbf-a78da31e3c05,arcuate.poker,available,5.98,85.98,medium,low,7,namecheap,,,06/08/2026 14:49
d8de65a3-8d12-4a66-b62c-aad2c3def7c2,erotism.poker,available,10.99,67.99,medium,low,7,namesilo,,,18/09/2026 16:15
216c1a64-7429-42b3-9f17-c334039b796d,quietly.poker,available,5.98,85.98,high,low,7,namecheap,,,09/09/2026 08:49
de104f37-89c4-4ecc-b2c5-4fed37c21f0b,cherish.poker,available,8.24,54.07,high,low,7,porkbun,,,29/09/2026 08:23
403564a3-cf6d-46f8-9f7d-57f3abd64a09,shaped.poker,available,5.98,85.98,high,low,6,namecheap,,,25/08/2026 03:44
b213619a-dc3a-44fd-83bb-5588d5395300,centrist.poker,available,5.98,85.98,high,low,8,namecheap,,,12/08/2026 00:14
0134aeea-7723-4b39-90e9-b6394265c082,law.poker,premium,78.54,78.54,high,medium,3,namesilo,,,29/09/2026 11:16
866f9ef6-1849-42a2-be6e-e10d8a63dc64,energizer.poker,available,10.99,67.99,high,low,9,namesilo,,,19/09/2026 09:06
acd36581-8cbe-43bd-a866-2391ef91b4d9,disasters.poker,available,5.38,54.02,low,low,9,spaceship,,,29/09/2026 17:40
d6f903c1-77ee-41a6-b8b3-95b2d913471e,scurvy.poker,available,5.98,85.98,medium,low,6,namecheap,,,
66fdf55f-f2f7-4e88-aaa7-c7c68fb86dc8,pipes.poker,available,5.98,85.98,high,low,5,namecheap,,,27/09/2026 22:20
d065252b-b5c7-4e95-a327-b4c2d3b715b1,arise.poker,available,8.24,54.07,high,low,5,porkbun,,,28/09/2026 10:48
b8714de1-3157-42aa-96d7-f98b3feb2353,boondocks.poker,available,10.99,67.99,medium,low,9,namesilo,,,21/09/2026 14:32
cb419d1d-8022-4a7d-aa6a-81c3231d7638,footling.poker,available,5.98,85.98,medium,low,8,namecheap,,,18/08/2026 03:30
9f4e475e-ee14-4a9d-a51d-af15e10b8e31,weight.poker,available,5.98,85.98,high,low,6,namecheap,,,19/09/2026 19:07
ad487a90-b0b4-49ba-8239-bba9557ed66b,forthright.poker,available,5.98,85.98,high,low,10,namecheap,,,11/08/2026 16:42
ba2bb711-9c4b-453b-ad78-6263dfc8985f,off.poker,available,5.98,85.98,high,low,3,namecheap,,,22/09/2026 14:54
285f378b-3ffc-4bc9-9813-59159615f764,entrant.poker,available,5.98,85.98,high,low,7,namecheap,,,18/08/2026 07:36
4db20e5a-8b61-43ce-8d71-3f33e0241d7a,cams.poker,available,14.99,88.49,high,low,4,name.com,,,20/09/2026 11:30
5f5203da-1318-432a-95c2-be6b49a0cb75,hoping.poker,available,10.99,67.99,high,low,6,namesilo,,,25/09/2026 11:50
ccb113bd-689a-41dd-84c7-28d87b9f28ec,publicity.poker,available,14.99,,high,low,9,name.com,,,
c458e103-9c63-453b-9ce9-3b063bfff91c,inheriting.poker,available,5.98,85.98,medium,low,10,namecheap,,,22/08/2026 05:04
22c01c7b-103e-4c34-96a4-f1a12040b326,granddad.poker,available,5.38,54.02,high,low,8,spaceship,,,29/09/2026 21:09
52e2e995-13c1-4e59-a32a-786f27cc5efd,motorist.poker,available,10.99,67.99,high,low,8,namesilo,,,21/09/2026 07:26
bbdb993b-efcd-4599-a160-975c4343f0de,asbestosis.poker,available,10.99,67.99,medium,low,10,namesilo,,,20/09/2026 12:56
5fe229db-82b9-487f-a72e-c7144164828c,arouet.poker,available,10.99,67.99,medium,low,6,namesilo,,,20/09/2026 08:30
43fd580f-778f-4e80-97a4-b1fe7c926c78,sides.poker,available,10.99,67.99,medium,low,5,namesilo,,,17/09/2026 23:26
711174d1-0bf5-4744-a550-e86eaf97f613,belem.poker,available,10.99,67.99,medium,low,5,namesilo,,,23/09/2026 04:51
55bfded5-2c3d-4618-bbfd-ca4ab07758a7,assign.poker,available,10.99,67.99,high,low,6,namesilo,,,21/09/2026 02:19
ca4c4c09-c0c2-4078-a49d-a4fc9e5983e2,physically.poker,available,10.99,67.99,medium,low,10,namesilo,,,19/09/2026 14:53
90045722-b752-41c8-bd46-1c86c98e9d9d,zhao.poker,available,10.99,67.99,high,low,4,namesilo,,,27/09/2026 20:53
466481ba-1a8c-46b9-a934-a7b9a61b16d6,gesell.poker,available,10.99,67.99,high,low,6,namesilo,,,20/09/2026 08:18
dd9d59be-4a46-48c3-b499-4a3bc1074ea7,livingstone.poker,available,10.99,67.99,high,low,11,namesilo,,,28/09/2026 04:32
bddfc014-1185-4955-bfc7-80d491864325,publication.poker,available,14.99,,high,low,11,name.com,,,
961fc537-13ef-49ac-9954-e3c361b899eb,ascendent.poker,available,5.98,85.98,medium,low,9,namecheap,,,
a0e58171-dca1-4486-be4d-b88bffc557de,consumable.poker,available,5.98,85.98,high,low,10,namecheap,,,12/08/2026 23:04
47ad5b32-acdc-4b6e-a66d-8ca92cdb4374,silent.poker,available,10.99,67.99,high,low,6,namesilo,,,25/09/2026 22:10
3fc7a420-b2c3-4df2-830a-9180d0c7aa83,beguiled.poker,available,5.98,85.98,medium,low,8,namecheap,,,09/08/2026 09:46
e813fe33-81b0-486a-a667-09dbd15f6d6e,burgess.poker,available,10.99,67.99,medium,low,7,namesilo,,,19/09/2026 13:35
e48ebc88-69b5-457c-8b33-3d9160ed99e3,hawkish.poker,available,5.98,85.98,medium,low,7,namecheap,,,21/08/2026 01:38
55735b64-ad06-47e3-9c87-652e282df246,axenic.poker,available,5.98,85.98,medium,low,6,namecheap,,,08/08/2026 01:51
5b513f7f-4154-454d-a366-18280a22fa7f,genuine.poker,available,10.99,67.99,high,low,7,namesilo,,,24/09/2026 13:20
68807359-8179-476b-a57a-a7dbd46f4450,trumpery.poker,available,5.98,85.98,medium,low,8,namecheap,,,18/08/2026 23:50
5ceee217-adf9-4c9b-9051-5b337e3d83a7,studies.poker,available,10.99,67.99,high,low,7,namesilo,,,16/09/2026 11:06
19f6cf2b-9396-4fc0-ae67-8cfee3a4130c,adjectives.poker,available,10.99,67.99,medium,low,10,namesilo,,,18/09/2026 16:11
cc2b48b7-857a-4e80-8fd7-5167fbbdc552,luscious.poker,available,5.98,85.98,high,low,8,namecheap,,,14/08/2026 00:22
2cd42e38-d47d-436f-aedd-0950740b4b3c,keyed.poker,available,5.98,85.98,medium,low,5,namecheap,,,22/08/2026 15:42
82d25b67-214e-4167-aecc-46ef993939bc,eudaemonia.poker,available,5.98,85.98,high,low,10,namecheap,,,12/09/2026 22:59
8bea70d1-d522-4d12-97d2-3379461ab162,notifiable.poker,available,5.98,85.98,medium,low,10,namecheap,,,03/09/2026 22:10
4e89c73b-1276-4381-8c75-f0adeba13f61,votes.poker,available,10.99,67.99,high,low,5,namesilo,,,17/09/2026 13:26
ad666d64-2d16-4799-b831-40198f9d3d99,unsavory.poker,available,5.98,85.98,medium,low,8,namecheap,,,14/08/2026 13:05
8cb180ef-2638-4be6-bddb-c5a60b44acbf,maya.poker,available,52.2,52.2,high,medium,4,cloudflare,,,28/09/2026 10:22
88df6dd7-fb87-4c04-8426-5b9a2f7fe6ba,constellation.poker,available,5.38,54.02,high,low,13,spaceship,,,29/09/2026 20:52
a85342a4-17e1-4af3-8bab-297328c0d5d8,unerasable.poker,available,5.98,85.98,medium,low,10,namecheap,,,22/08/2026 02:39
25ebc424-e4ed-49a5-a181-6db5062c7e99,punch.poker,available,10.99,67.99,high,low,5,namesilo,,,27/09/2026 03:37
c8229d5b-405d-4a04-a429-8e12327e7d23,turnovers.poker,available,10.99,67.99,medium,low,9,namesilo,,,19/09/2026 22:02
feb1c75e-ece6-4b5d-8a2d-18a0b81253bd,peaked.poker,available,5.38,54.02,high,low,6,spaceship,,,29/09/2026 21:11
b8f06d4f-b5bd-4cff-8f8f-af1259defd65,saws.poker,available,10.99,67.99,medium,low,4,namesilo,,,20/09/2026 09:02
55e53a9c-9d25-4dcc-80a3-049e143942f0,tags.poker,available,10.99,67.99,low,low,4,namesilo,,,28/09/2026 23:26
55cefa2d-6a45-43cb-9946-4dae9d17353f,utter.poker,available,10.5,,high,low,5,unstoppable,,,28/09/2026 10:04
1238acc2-55f9-4fac-a10e-166823ecbcca,decayable.poker,available,5.98,85.98,low,low,9,namecheap,,,13/08/2026 20:54
4be9c105-9f50-4a13-af63-997fae9f02e5,bone.poker,available,10.99,67.99,high,low,4,namesilo,,,22/09/2026 23:37
621485f8-3ed4-434b-97b5-748a83aff6eb,briskly.poker,available,5.98,85.98,medium,low,7,namecheap,,,14/09/2026 01:33
78a2963c-3e0d-4451-963e-1cca98095e2f,errand.poker,available,14.99,103.99,high,low,6,godaddy,,,30/09/2026 01:33
582c013b-684d-4ee9-868f-871fc54be6d8,liam.poker,available,14.99,,high,low,4,name.com,,,
aa425402-6f3b-48e6-b94f-48e3b0aa19d2,agrarian.poker,available,5.98,85.98,high,low,8,namecheap,,,
e9d3204a-7188-4abb-8e34-81403b9eefcb,uniforms.poker,available,52.2,52.2,medium,low,8,cloudflare,,,28/09/2026 00:32
1d6818b6-7408-4e99-a65a-6c4d7d41f213,upstage.poker,available,5.98,85.98,high,low,7,namecheap,,,
13054f7e-7e60-4191-b55d-671a3150cf7e,reveals.poker,available,5.98,85.98,medium,low,7,namecheap,,,20/09/2026 06:30
f20f1655-f42c-4bd3-8e8b-94c102a21c2a,tempting.poker,available,10.99,67.99,high,low,8,namesilo,,,22/09/2026 01:44
4ffcfd4d-71ab-41ec-a77a-153cf93c73c8,utilize.poker,available,5.38,54.02,high,low,7,spaceship,,,30/09/2026 01:31
9294f45a-32fb-40ff-b63f-4673f84bb757,wheedle.poker,available,10.99,67.99,medium,low,7,namesilo,,,24/09/2026 04:07
679f8639-c826-4939-8003-4e7eb7cf1499,probiotic.poker,available,52.2,52.2,high,low,9,cloudflare,,,28/09/2026 02:50
39a01130-f2aa-45bf-8eb3-2fe59e6c4b17,daunting.poker,available,14.99,88.49,medium,low,8,name.com,,,13/08/2026 18:48
5b9c4f6f-3a46-49a7-a871-5069d281ce28,catalog.poker,available,5.98,85.98,high,low,7,namecheap,,,24/09/2026 13:07
a3189650-c70e-4258-a0af-5c9ea80f1abc,waist.poker,available,52.2,52.2,high,low,5,cloudflare,,,28/09/2026 06:51
8d769a0a-c971-49d0-a409-62d764a53a31,conduction.poker,available,10.5,,high,low,10,unstoppable,,,29/09/2026 10:47
81f32566-d35e-4b21-92d7-12d4046fc2ee,kang.poker,available,52.2,52.2,medium,low,4,cloudflare,,,28/09/2026 11:38
b72855b9-4b5d-448d-9226-bc5e1796d6da,spirally.poker,available,5.98,85.98,medium,low,8,namecheap,,,16/09/2026 06:13
9c73b8cc-f840-4294-b611-67ddddc161e0,bandeau.poker,available,10.99,67.99,medium,low,7,namesilo,,,22/09/2026 01:04
ce8349dd-696c-4698-9a80-5ea1d1d0c274,simulate.poker,available,5.98,85.98,high,low,8,namecheap,,,10/09/2026 05:47
ff465e60-f1fc-4fcd-bdfd-a77d8890fc96,charcoal.poker,available,5.98,85.98,high,low,8,namecheap,,,12/08/2026 02:24
4b3e30e0-721c-4fed-a5e1-cc573ded05d7,counter.poker,available,5.98,85.98,high,low,7,namecheap,,,29/09/2026 05:50
39ad32c8-bdb1-4c94-998d-26d455881658,neaten.poker,available,5.98,85.98,medium,low,6,namecheap,,,11/09/2026 15:42
8f2e7d87-fc3c-4c64-9e0b-0179aef9e1f3,rosa.poker,available,5.38,54.02,high,low,4,spaceship,,,28/09/2026 05:49
61b5a2f6-ee63-453e-a194-5a4462650e1b,rimed.poker,available,5.98,85.98,medium,low,5,namecheap,,,09/09/2026 17:39
8fc12fff-0606-43fa-a34a-c1765a7ddc3c,bitty.poker,available,5.98,85.98,high,low,5,namecheap,,,10/08/2026 07:51
f909c67f-4ad7-4142-9e1c-73a186e1cf2d,council.poker,available,14.99,88.49,high,low,7,name.com,,,24/09/2026 18:38
71974dda-7674-46d4-9d5b-c2c7f4e9e3b8,mouthcare.poker,available,14.99,,medium,low,9,name.com,,,
2f0bc53f-098d-4a52-9f66-95bd8e5f5ac1,ain.poker,available,5.98,85.98,high,low,3,namecheap,,,
7894c707-36c1-4407-8f4b-2234077fc12b,pinkerton.poker,available,5.38,54.02,high,low,9,spaceship,,,29/09/2026 21:18
0e4dff16-4407-44b5-b858-bf2f4e47d14f,braided.poker,available,5.98,85.98,high,low,7,namecheap,,,11/08/2026 01:28
81a37e46-3f14-4905-9557-cbaa17da4b13,scranton.poker,available,10.99,67.99,medium,low,8,namesilo,,,26/09/2026 00:14
dad12023-4931-4572-8137-3452a8c7047d,midst.poker,available,5.98,85.98,medium,low,5,namecheap,,,11/09/2026 13:11
2845e133-eff5-4f10-a97e-c16b0f2c22a9,ourselves.poker,available,10.99,67.99,medium,low,9,namesilo,,,27/09/2026 08:55
db1746f7-1858-4dd6-a77a-5e25bb7cf040,issus.poker,available,10.99,67.99,medium,low,5,namesilo,,,22/09/2026 15:11
6d50885e-8c84-4841-bfa1-081ac8f3dbc9,azalea.poker,available,10.99,67.99,high,low,6,namesilo,,,21/09/2026 11:00
ebc44891-ffdf-41ed-8607-d686074d00b9,dairy.poker,available,10.99,67.99,high,low,5,namesilo,,,28/09/2026 22:44
a17133b1-fbf0-493b-a878-0c0805f751c0,adman.poker,available,10.99,67.99,high,low,5,namesilo,,,17/09/2026 08:40
77fa293f-7a4a-4700-a9b8-4b682a8abf8d,lenient.poker,available,5.98,85.98,high,low,7,namecheap,,,22/08/2026 23:46
dd209556-71ac-453f-93d3-3fd40d990237,hipaa.poker,available,14.99,,high,low,5,name.com,,,
a9e0d457-258e-443e-b3fe-5ffc85b20801,beefeater.poker,available,10.99,67.99,medium,low,9,namesilo,,,23/09/2026 01:09
3de86955-23b6-43af-bf42-7d9391e4134e,humboldt.poker,available,14.99,88.49,high,low,8,name.com,,,22/09/2026 07:04
73036cc7-c3de-4a4a-9321-e785b7ca3551,acinous.poker,available,5.98,85.98,medium,low,7,namecheap,,,
5135a49e-7aa5-4f7f-ad7a-391abdd4a864,beaches.poker,premium,640,640,high,low,7,namesilo,,,20/09/2026 07:25
2d7f9857-2959-4400-8b58-ee548035ed8d,clawed.poker,available,5.98,85.98,medium,low,6,namecheap,,,12/08/2026 10:02
72ff3631-9acc-4a5c-8a1b-af8403838cf4,kali.poker,available,10.99,67.99,high,low,4,namesilo,,,22/09/2026 05:54
57205393-f452-4d36-a8da-75ab54fdfe2f,tones.poker,available,10.99,67.99,medium,low,5,namesilo,,,29/09/2026 10:44
8ce36049-f7ff-4fed-a556-251bd58b900e,deere.poker,available,10.99,67.99,high,low,5,namesilo,,,30/09/2026 01:17
aa40354c-e9dc-48f0-a050-c7fbda11c313,congruent.poker,available,5.98,85.98,high,low,9,namecheap,,,12/08/2026 21:57
24cef1c1-6885-41fd-9401-bdd299d84c33,discontent.poker,available,5.98,85.98,high,low,10,namecheap,,,14/08/2026 09:59
aa917136-0f1b-4ee4-83a7-21900c0ffc80,dustbin.poker,available,10.99,67.99,high,low,7,namesilo,,,20/09/2026 13:42
43a558bb-fc44-4119-90fe-bb46fcd3487c,adverb.poker,available,5.98,85.98,high,low,6,namecheap,,,17/09/2026 10:43
3470d601-729c-4033-b10b-51ab682d2d9c,alcott.poker,available,5.98,85.98,high,low,6,namecheap,,,18/09/2026 04:10
ecec0a1b-5411-44e1-9e57-ae843ea6c796,biophysics.poker,available,5.98,85.98,high,low,10,namecheap,,,23/09/2026 18:50
0472367d-cf71-475b-a0c6-55be6c9e1a7e,avionics.poker,available,10.99,67.99,high,low,8,namesilo,,,21/09/2026 09:35
787dc9d6-269e-4de6-8ab4-0fb23c4f7049,senatorial.poker,available,5.98,85.98,medium,low,10,namecheap,,,10/09/2026 03:38
449c96fb-f5dc-45ab-b7a6-eec9afe328b4,aged.poker,available,10.99,67.99,high,low,4,namesilo,,,21/09/2026 22:26
38371d3b-b94d-4ad6-b1f4-4e8683b92a4c,anaglyph.poker,available,10.99,67.99,medium,low,8,namesilo,,,19/09/2026 01:21
3d7c9713-b15f-492d-9a2e-1cc163cd2fd2,checkup.poker,available,5.98,85.98,high,low,7,namecheap,,,24/08/2026 18:57
8f06d380-490d-4811-adc7-e1c93b0fc5a8,introducing.poker,available,5.98,85.98,medium,low,11,namecheap,,,17/09/2026 20:59
b1bd59a4-0ada-43c7-a377-f920f6dd0de2,wolverine.poker,available,10.99,67.99,high,low,9,namesilo,,,24/09/2026 12:48
48e941b6-4740-4fcf-b9d5-168a31eac530,looker.poker,available,5.98,85.98,high,low,6,namecheap,,,22/08/2026 16:48
ec15e1e6-48aa-4aa7-899f-b86c4466c7cd,copious.poker,available,5.98,85.98,high,low,7,namecheap,,,13/08/2026 00:28
f68cae0e-5644-4b48-9776-00f343dacc24,kauai.poker,available,52.2,52.2,high,low,5,cloudflare,,,29/09/2026 13:15
7f1d2609-ca24-4ed3-af3f-537a410decb6,gumptious.poker,available,5.98,85.98,medium,low,9,namecheap,,,20/08/2026 20:57
0763fb86-3fc9-4c5d-82eb-4527edd1f06f,rhombic.poker,available,5.98,85.98,medium,low,7,namecheap,,,09/09/2026 16:43
7d71ab56-3089-41ce-ae6e-0c938d6f00e2,carbonara.poker,available,10.99,67.99,high,low,9,namesilo,,,24/09/2026 12:46
fb180dab-f01e-400a-80de-2585946940cb,brambly.poker,available,5.98,85.98,medium,low,7,namecheap,,,11/08/2026 01:59
2708f40d-b4ed-4214-a707-ff4b4328e8d3,depths.poker,available,10.5,,medium,low,6,unstoppable,,,28/09/2026 23:11
81047127-9550-435a-8e4f-a27e7384f090,dextral.poker,available,5.98,85.98,medium,low,7,namecheap,,,14/08/2026 05:28
9bcb9272-0c2f-40aa-bb0d-caa56f19969d,miracle.poker,available,14.99,,high,low,7,name.com,,,
09aba72b-3b50-45e1-8296-e42556cf5079,drumming.poker,available,10.99,67.99,high,low,8,namesilo,,,30/09/2026 01:23
93292aa7-a62e-45a0-bfcf-fdee0743a715,flashing.poker,available,8.24,54.07,medium,low,8,porkbun,,,28/09/2026 19:14
c8e79630-cf47-42de-8ee9-c5ae7fc0d687,stayed.poker,available,10.99,67.99,medium,low,6,namesilo,,,27/09/2026 02:56
ad58bcb2-0a34-4c85-bb46-6de59403eb8d,aflatoxin.poker,available,5.98,85.98,medium,low,9,namecheap,,,17/09/2026 15:06
cd6fbc08-b805-4090-9be5-1acbb425bbb3,shannon.poker,available,14.99,88.49,high,low,7,name.com,,,25/09/2026 04:16
cc226eaf-d8bf-4741-b689-00ee2e37bd01,midmost.poker,available,5.98,85.98,medium,low,7,namecheap,,,24/08/2026 22:29
35acde4f-55e8-42a9-a57e-bd8f5c531395,togged.poker,available,5.98,85.98,medium,low,6,namecheap,,,11/09/2026 16:44
f1d0632c-8312-429a-bbbe-04e7e7134287,elliot.poker,available,5.98,85.98,high,low,6,namecheap,,,25/09/2026 21:48
fe4c489c-c827-42d4-a0da-b41871e30164,unchanging.poker,available,5.98,85.98,high,low,10,namecheap,,,12/09/2026 05:04
b5ec39b2-6a04-4863-84bc-e32e68c7358a,lamentably.poker,available,5.98,85.98,low,low,10,namecheap,,,14/09/2026 11:50
53f51555-dd98-42d7-a16f-9656cb96315f,bivouac.poker,available,5.98,85.98,medium,low,7,namecheap,,,11/08/2026 15:54
0341ffa8-690b-4ff6-905d-82f377a7f556,camisole.poker,available,5.98,85.98,high,low,8,namecheap,,,24/09/2026 11:52
617da2c5-9e83-4ec9-a2ef-769c8498a784,winkler.poker,available,10.99,67.99,high,low,7,namesilo,,,29/09/2026 03:40
c5c982b0-02c4-4c9c-96d3-606ab01fb8f4,viciously.poker,available,5.98,85.98,medium,low,9,namecheap,,,14/09/2026 01:35
3919628b-d81d-4694-8f38-9eeecba436a5,catatonic.poker,available,5.98,85.98,medium,low,9,namecheap,,,11/08/2026 21:14
27b5a0d8-89c6-4f52-a420-d47837f9a138,birthplace.poker,available,5.98,85.98,high,low,10,namecheap,,,23/09/2026 21:18
d4943d79-3718-4ff3-b5af-64d05def1e78,slighting.poker,available,5.98,85.98,medium,low,9,namecheap,,,09/08/2026 13:15
f3c78213-a991-4aed-a50d-a278e9da19ca,racking.poker,available,5.98,85.98,high,low,7,namecheap,,,09/09/2026 09:25
4ce536cf-8d38-4e89-85d4-41b610d141e8,apsu.poker,available,10.99,67.99,medium,low,4,namesilo,,,19/09/2026 22:37
62ea0b3d-fb08-4bee-b201-96a3f8a950bd,paniculate.poker,available,5.98,85.98,medium,low,10,namecheap,,,05/09/2026 01:01
12439b77-b05d-4791-9109-fd023c085f7a,antonymous.poker,available,5.98,85.98,medium,low,10,namecheap,,,05/08/2026 20:16
5f6c1aee-b274-4235-8b36-a94117021eea,growing.poker,available,5.98,85.98,high,low,7,namecheap,,,19/09/2026 05:23
fb2bc727-9da3-4724-99f3-054ec4438a7e,chummy.poker,available,5.98,85.98,high,low,6,namecheap,,,11/08/2026 07:44
deb2f5fb-83ab-4d02-8d3e-838c4cac8eb9,crosses.poker,available,5.38,54.02,medium,low,7,spaceship,,,28/09/2026 17:44
34e5851b-2913-4c22-80db-b0e1a590049f,because.poker,available,14.99,,high,low,7,name.com,,,
adaf7726-e99a-48ca-bd90-445d1a83015b,obey.poker,available,14.99,,high,low,4,name.com,,,
f722c714-185c-427c-89c2-b6a8c828abee,ecg.poker,available,5.98,85.98,high,low,3,namecheap,,,30/09/2026 00:58
67570167-b564-41e1-9a88-5ad0dbbc147c,lamps.poker,available,52.2,52.2,medium,low,5,cloudflare,,,29/09/2026 11:04
b80b9682-7a97-405d-87f1-e08e8ba984a6,grating.poker,available,5.98,85.98,high,low,7,namecheap,,,20/08/2026 18:26
0889417d-3dab-44f6-8989-2f694717fa7b,chinchy.poker,available,5.98,85.98,low,low,7,namecheap,,,12/08/2026 05:42
e448dec4-4698-466b-9e0e-252a7af8df6f,keystone.poker,available,10.99,67.99,high,medium,8,namesilo,,,21/09/2026 15:13
d11c21b7-4483-4137-bc2c-9e6a449fedec,vii.poker,available,5.98,85.98,high,low,3,namecheap,,,
4832e040-a8bb-4835-bb06-6ba01bc4b9f4,minatory.poker,available,5.98,85.98,medium,low,8,namecheap,,,24/08/2026 19:58
51180335-1df7-412e-8ece-3bbee4e9ba04,tinkly.poker,available,5.98,85.98,medium,low,6,namecheap,,,11/09/2026 16:15
8b131698-09a3-4fa9-a435-a7e1b39838b7,sundays.poker,available,10.99,67.99,high,low,7,namesilo,,,18/09/2026 10:50
086b60e5-0b7f-4807-b110-e8251c3fd1d3,broadsheet.poker,available,5.98,85.98,high,low,10,namecheap,,,11/08/2026 05:08
7bcc8328-2a39-45d3-9432-417b558b1413,splattered.poker,available,14.99,88.49,medium,low,10,name.com,,,13/08/2026 15:21
c5d0ac7b-3d2e-4a52-ae39-9ed0ea577483,uss.poker,available,5.98,85.98,high,low,3,namecheap,,,25/09/2026 13:39
2d1b9bc7-3c75-4e52-9d9c-0f3de8dfa0d3,regards.poker,available,5.38,54.02,medium,low,7,spaceship,,,28/09/2026 12:38
254ecd3c-337a-45c9-befb-f40a8b23d9a0,unduly.poker,available,5.98,85.98,medium,low,6,namecheap,,,16/09/2026 10:01
ab5a2ced-df55-4cb6-b0bd-8b0a3e8e4c5b,excavate.poker,available,5.98,85.98,high,low,8,namecheap,,,21/08/2026 10:33
2e597265-fea7-424e-9fe9-498aa22ddac7,marcus.poker,available,10.99,67.99,high,low,6,namesilo,,,25/09/2026 17:20
325743fd-3dfa-41ef-98b9-4ada90d3e8f2,surfing.poker,available,10.99,67.99,high,low,7,namesilo,,,29/09/2026 02:15
d75a8fe7-00af-45fb-8466-f650d1e03821,sectioned.poker,available,5.98,85.98,medium,low,9,namecheap,,,10/09/2026 01:20
ad8384a0-2323-4624-b6c8-00ab6c20772c,hotshot.poker,available,5.98,85.98,high,low,7,namecheap,,,21/09/2026 17:48
2ecf51fd-9a73-4006-934a-45903499ff4f,sunglass.poker,available,14.99,,high,low,8,name.com,,,
367fd50c-cb19-4ba7-9493-fbddd7cf9464,providence.poker,premium,625,,high,low,10,name.com,,,29/09/2026 06:49
c4f3e16d-aabe-44a5-a2de-3cf76ba9dd17,entree.poker,available,5.98,85.98,high,low,6,namecheap,,,16/09/2026 22:08
7b0f6d73-9592-496a-9a51-daa4c7df176a,basal.poker,available,5.98,85.98,medium,low,5,namecheap,,,08/08/2026 21:24
a4aff4cf-fe08-41a0-95d3-ac8f5a236f9f,tougher.poker,available,52.2,52.2,medium,low,7,cloudflare,,,29/09/2026 11:36
52362ecb-cb77-4f7e-b9b8-a2b3b497a8b7,graph.poker,available,10.5,,high,low,5,unstoppable,,,29/09/2026 21:30
cc2f9002-11fd-4dfa-b563-d41d30cb1482,lysogenic.poker,available,5.98,85.98,medium,low,9,namecheap,,,24/08/2026 12:42
0a638337-8f9a-4269-b86e-1a4fe117f012,testimony.poker,available,5.38,54.02,high,low,9,spaceship,,,28/09/2026 02:23
90338259-36cd-4c4b-ac37-96942b23cf7d,poised.poker,available,5.98,85.98,high,low,6,namecheap,,,17/08/2026 11:38
df261333-49d1-48b7-a131-e166c46dd88d,promise.poker,available,14.99,,high,low,7,name.com,,,
fadcc195-4c77-4b41-897c-df42bee96299,brooke.poker,available,10.99,67.99,high,low,6,namesilo,,,25/09/2026 02:29
dd135eb5-4114-48e7-8938-4c6e7e5f4183,nearly.poker,available,10.99,67.99,high,low,6,namesilo,,,28/09/2026 11:55
6403dfc9-ff3d-4404-a3f9-07a34213bd1d,johnston.poker,available,10.99,67.99,high,low,8,namesilo,,,25/09/2026 07:53
10c07bd9-9a1d-4ace-ba42-666f0f035510,partizan.poker,available,5.98,85.98,high,low,8,namecheap,,,08/09/2026 02:09
0bf455d7-47f9-415b-976a-09ab80101885,student.poker,premium,66.5,,high,low,7,unstoppable,,,29/09/2026 03:37
1d8e9b63-dd1c-46e6-bd4a-1f1c6a544003,burbling.poker,available,5.98,85.98,medium,low,8,namecheap,,,11/08/2026 10:10
72e791b6-6a26-4d51-8c6a-01c5ad30e2d9,descent.poker,available,5.98,85.98,high,low,7,namecheap,,,08/09/2026 13:07
66cfc2c7-a1ba-4daf-a6bf-417b2a50507c,outline.poker,available,10.99,67.99,high,low,7,namesilo,,,24/09/2026 23:45
2e4bae03-bb24-4909-9f43-1565eb81cf87,steakhouse.poker,available,5.98,85.98,high,low,10,namecheap,,,24/09/2026 14:46
3d485bdf-2ff4-4dcd-9311-70f2feaeb278,skins.poker,available,10.99,67.99,high,low,5,namesilo,,,29/09/2026 05:06
7470f03b-87f8-47ee-a3ce-acd8b21df70f,slashing.poker,available,5.98,85.98,high,low,8,namecheap,,,10/09/2026 10:08
6a622d7d-cb90-4758-9a42-b854188d92c0,exodus.poker,available,5.98,85.98,high,low,6,namecheap,,,24/09/2026 06:52
bc1bb4f5-f0bb-4c88-975b-23660379eff7,undogmatic.poker,available,5.98,85.98,medium,low,10,namecheap,,,18/08/2026 14:50
7f980b1d-44ae-47d2-99ee-337de1a61fcb,duties.poker,available,5.38,54.02,medium,low,6,spaceship,,,27/09/2026 22:05
18c06eb1-4758-4a64-b724-18dbfa032536,boyish.poker,available,5.98,85.98,high,low,6,namecheap,,,11/08/2026 00:04
f7792d04-7913-4822-a9cb-862010f3fd63,luxurious.poker,available,5.98,85.98,high,low,9,namecheap,,,14/08/2026 00:57
91c2aea0-8c11-4d06-b107-eae27c79060c,accentor.poker,available,10.99,67.99,medium,low,8,namesilo,,,16/09/2026 21:58
ae075568-0912-4df8-93ca-1e9fa0982e20,ruins.poker,available,5.38,54.02,low,low,5,spaceship,,,28/09/2026 12:46
e115a9a2-2e2c-49df-9cbc-2c1400876392,opportunity.poker,available,10.99,67.99,high,low,11,namesilo,,,27/09/2026 02:17
a9b888b8-7dfd-4aff-b328-2de6a03362cd,hoard.poker,available,5.98,85.98,medium,low,5,namecheap,,,12/08/2026 16:57
a89e1bef-69f6-45db-82e1-3541f3fb413d,majors.poker,available,10.99,67.99,high,low,6,namesilo,,,23/09/2026 14:46
3e3c5263-f789-4ce2-b86b-955d9578328f,crazily.poker,available,5.98,85.98,medium,low,7,namecheap,,,14/09/2026 09:15
56a497df-4ab4-4344-adaa-df8604eadb47,stingless.poker,available,5.98,85.98,medium,low,9,namecheap,,,10/09/2026 20:48
177102d1-3183-4be0-8b12-0cf733046b6f,cadets.poker,available,10.99,67.99,medium,low,6,namesilo,,,30/09/2026 00:49
c0b831df-370d-4cda-9def-533c5f5be6a6,hated.poker,available,5.98,85.98,medium,low,5,namecheap,,,14/08/2026 04:14
2d9d017a-4fc3-4cad-baa7-07d8a79edd0a,outta.poker,available,5.38,54.02,medium,low,5,spaceship,,,29/09/2026 20:53
62ed025b-4742-42a8-8a5b-931615915477,addison.poker,available,52.2,52.2,high,low,7,cloudflare,,,29/09/2026 23:23
5676bafb-8464-48d3-a0fd-52f134589e72,projection.poker,available,5.98,85.98,high,low,10,namecheap,,,22/08/2026 14:54
05800e6c-160c-40e6-8863-46e2835acd76,eritrean.poker,available,5.98,85.98,high,low,8,namecheap,,,17/08/2026 12:22
fee9a217-a4df-44b4-bbd9-9db0629970ce,gush.poker,available,5.98,85.98,high,low,4,namecheap,,,22/08/2026 13:07
ea4e3747-a259-4dd2-b874-5304e987cc2a,care.poker,available,10.99,67.99,high,medium,4,namesilo,,,25/09/2026 13:42
8ceaf199-6c3b-4a0d-aaa0-a584af48459d,fortemente.poker,available,5.98,85.98,medium,low,10,namecheap,,,18/08/2026 12:36
53c80680-ad3c-40c4-8318-6d898e4b3448,seasoned.poker,available,5.98,85.98,high,low,8,namecheap,,,10/09/2026 01:00
44671da1-7366-48bf-baa3-73a075c3000f,sulfuric.poker,available,5.98,85.98,medium,low,8,namecheap,,,11/09/2026 01:29
ee3ba8c7-acea-4d86-af3a-19dd11c2a0b6,humbling.poker,available,5.98,85.98,medium,low,8,namecheap,,,14/08/2026 01:09
9e86e904-ebd2-450f-bf58-1baadf907a88,rewarding.poker,available,5.38,54.02,high,low,9,spaceship,,,27/09/2026 14:47
2967b195-61d7-4dea-be21-34bc5f921ca4,plumed.poker,available,5.98,85.98,medium,low,6,namecheap,,,08/09/2026 21:36
29470895-c6f3-4943-85d5-4b620db89ac3,mantrap.poker,available,5.98,85.98,medium,low,7,namecheap,,,22/08/2026 16:50
2bdf7469-ade5-4147-b2a9-4dde5546f6b6,dig.poker,available,14.99,88.49,high,low,3,name.com,,,24/09/2026 23:51
22143b81-7066-4359-8afe-d1f8a7ef0395,obtained.poker,available,14.99,,medium,low,8,name.com,,,
34e6da7b-de10-42a8-9c6e-39f7010f188b,fruitcake.poker,available,5.98,85.98,medium,low,9,namecheap,,,10/09/2026 00:13
d9e1dc0d-e14b-4245-acf2-a9584b3039b0,retrieve.poker,available,14.99,,high,low,8,name.com,,,
ee0167f9-d435-4126-bdc5-837dcb191548,cloisonne.poker,available,5.98,85.98,medium,low,9,namecheap,,,12/08/2026 01:39
30536247-c781-426e-99b9-db3c82513bca,blithesome.poker,available,5.98,85.98,high,low,10,namecheap,,,10/08/2026 14:39
f41e960b-dfa6-49ab-badb-2949103b15c5,ammo.poker,premium,650,650,high,low,4,namecheap,,,18/09/2026 22:06
ca4ab621-03fb-41eb-abe3-1ebe12e27b33,diagram.poker,available,10.99,67.99,high,low,7,namesilo,,,24/09/2026 22:08
3f40dbd9-34ce-4e24-9d2d-d4c59203fee2,civil.poker,available,5.98,85.98,high,low,5,namecheap,,,12/08/2026 09:03
fbdd8d1b-95a5-4445-ad23-770bfb6b5680,voidable.poker,available,5.98,85.98,medium,low,8,namecheap,,,09/09/2026 14:47
03ad2855-2ca5-4137-8f92-751bd3d57b77,confess.poker,available,14.99,,high,low,7,name.com,,,
a5c10737-a6c9-4a5d-b8e2-101b5f5f4c8f,caper.poker,available,10.99,67.99,high,low,5,namesilo,,,22/09/2026 06:32
2e44e0df-7386-4a13-b8c5-aa7e1cba27ea,montane.poker,available,5.98,85.98,high,low,7,namecheap,,,25/08/2026 05:41
491ac14b-7181-48a2-a9a9-76741e260a63,scenarios.poker,available,10.99,67.99,medium,low,9,namesilo,,,29/09/2026 17:21
cd182234-c64b-4f2f-8efd-b83b79c18a65,cartridge.poker,available,5.38,54.02,high,low,9,spaceship,,,29/09/2026 18:14
cf8e7b6f-70e3-4461-924b-e2ba5ff8c17e,kleist.poker,available,5.98,85.98,medium,low,6,namecheap,,,23/09/2026 09:54
caa12eeb-d7be-4379-ba3f-5c90a4df86dd,macedonian.poker,available,5.98,85.98,high,low,10,namecheap,,,24/08/2026 12:46
6c4beb89-a37c-4870-aef8-ff308ca813b6,libber.poker,available,5.98,85.98,medium,low,6,namecheap,,,18/08/2026 01:03
e9276d71-8e5e-4894-9aa7-ec055e6984fa,copland.poker,available,10.99,67.99,high,low,7,namesilo,,,16/09/2026 13:32
680db7b4-d24d-4f72-b1a3-2529a8e52427,mccormick.poker,available,10.99,67.99,high,low,9,namesilo,,,25/09/2026 04:30
b56b7478-e6f8-49ef-8e5c-c71eefa27f99,biface.poker,available,5.98,85.98,medium,low,6,namecheap,,,09/08/2026 19:55
5962c299-940f-4626-ba78-5517c04fc2ed,aconite.poker,available,10.99,67.99,medium,low,7,namesilo,,,17/09/2026 02:05
9d8387cb-ba12-4fd7-b0c3-77e1ee3546b2,toffy.poker,available,5.98,85.98,medium,low,5,namecheap,,,11/08/2026 04:55
f5dedd7d-f11e-411d-b797-63ecfa915bc6,madonna.poker,available,10.99,67.99,high,low,7,namesilo,,,24/09/2026 06:06
cf05740b-e9d6-49a0-86e1-df11732a8c2b,agrostemma.poker,available,,,medium,low,10,,,,17/09/2026 19:51
0105eef5-7d6a-43dc-b6b6-38ef1db1e2d6,peas.poker,available,10.99,67.99,medium,low,4,namesilo,,,18/09/2026 10:13
e75ced39-9eea-401b-9b55-3f11755d220e,newsgroup.poker,available,14.99,,medium,low,9,name.com,,,
28e9ba36-8a31-4229-8593-e1f4a9a2217f,ecology.poker,available,10.99,67.99,high,low,7,namesilo,,,23/09/2026 18:42
8959f2b8-8102-489d-85e1-89fbc4a5aa8c,sub.poker,available,5.38,54.02,high,low,3,spaceship,,,28/09/2026 01:46
582a56ce-83b5-4036-ac81-175da58b1bd1,sanford.poker,available,5.98,85.98,high,low,7,namecheap,,,25/09/2026 16:16
622134cf-1239-4741-9454-21cbc1902e01,palatine.poker,available,5.98,85.98,medium,low,8,namecheap,,,04/09/2026 23:20
4ce0a55c-2151-42e1-9d96-edbf4268cf2a,rhodium.poker,available,10.99,67.99,high,low,7,namesilo,,,20/09/2026 23:08
41ec2a03-dcb9-432d-b138-b7d89b7e7d50,crosby.poker,available,5.98,85.98,high,low,6,namecheap,,,23/09/2026 17:15
3607a8cf-f777-4505-9966-52db566ae55b,moderately.poker,available,10.99,67.99,medium,low,10,namesilo,,,25/09/2026 12:00
a763cf10-b3f2-4ae0-a2c5-0c63cdce3762,scenes.poker,available,10.99,67.99,high,low,6,namesilo,,,18/09/2026 15:27
e5751f5d-0259-4e9d-bd9e-b9a8bb56953f,countryside.poker,available,10.5,,high,low,11,unstoppable,,,28/09/2026 15:50
a2e3d021-3f45-4796-baa8-4d9dd28e1ca4,whacking.poker,available,5.98,85.98,medium,low,8,namecheap,,,13/09/2026 11:09
11623ea8-b29c-46b6-b211-a06ddce09017,ugh.poker,available,14.99,,medium,low,3,name.com,,,
d16c5629-0986-4c48-bce8-06eb2f92bc2c,custody.poker,available,10.99,67.99,high,low,7,namesilo,,,24/09/2026 20:41
e2c66866-58c5-4f09-b93c-c69148d09310,belching.poker,available,10.99,67.99,medium,low,8,namesilo,,,23/09/2026 04:36
5e290ee8-f128-45aa-8383-1c86e1504b71,retrieval.poker,available,5.38,54.02,high,low,9,spaceship,,,30/09/2026 02:43
bc02eef5-ef25-48ab-98a4-0b55b9a9e5b2,frilled.poker,available,5.98,85.98,medium,low,7,namecheap,,,18/08/2026 15:49
c924ac0c-f328-4891-824a-867a9b7289ff,unstated.poker,available,5.98,85.98,medium,low,8,namecheap,,,12/09/2026 09:45
114223c7-5db8-48e7-8833-5350e3981585,quantities.poker,available,14.99,,low,low,10,name.com,,,
b59b9151-a9fd-4194-ae92-9eda1c9e2916,hitter.poker,available,10.99,67.99,high,low,6,namesilo,,,22/09/2026 14:18
8c23c851-dbe0-4475-bea9-49cfa3204033,dye.poker,available,10.99,67.99,high,low,3,namesilo,,,29/09/2026 17:21
81352602-8f39-4936-a6b9-819b9f26cce8,lots.poker,available,5.38,54.02,high,low,4,spaceship,,,28/09/2026 11:29
4af83b41-f95d-4c14-9c75-e3c2f678ba97,sincerity.poker,available,5.38,54.02,high,low,9,spaceship,,,29/09/2026 06:41
8bd34452-1236-40a9-8af3-b1a7bdc22e86,positional.poker,available,5.98,85.98,high,low,10,namecheap,,,09/09/2026 00:06
9566d0e5-692b-420c-9860-78f7e5f1d9ac,calibre.poker,available,10.99,67.99,high,low,7,namesilo,,,24/09/2026 11:45
aa14ad53-fa36-41e1-a8bf-469f24691c8b,abandon.poker,available,5.98,85.98,high,low,7,namecheap,,,14/08/2026 03:52
cc2cc92f-ed28-440a-87cc-e63d934bc3db,abruptly.poker,available,14.99,88.49,medium,low,8,name.com,,,13/08/2026 19:17
300ec01a-22d2-4fa0-b932-bf388d1a4724,series.poker,resell,,,high,low,6,"Name.com, Inc.",15/02/2025 20:10,15/02/2027 20:10,26/09/2026 08:56
6d126443-fb72-41ea-a3fb-c16c38bbdd22,colloquial.poker,available,5.98,85.98,medium,low,10,namecheap,,,12/08/2026 17:14
6d1f1510-336b-42a9-aed2-3a9f14cdb42d,rebecca.poker,available,5.98,85.98,high,low,7,namecheap,,,25/09/2026 10:16
4c17d0d0-1a68-4762-baeb-eeb201d8ca65,unvoiced.poker,available,5.98,85.98,medium,low,8,namecheap,,,11/09/2026 03:39
60b70e89-f33f-49df-bd60-7920bd65b6c0,aryan.poker,available,,,high,high,5,,,,
831fe3b6-d99b-4e62-b897-1a3e02146110,swimmingly.poker,available,5.98,85.98,medium,low,10,namecheap,,,16/09/2026 02:58
e0a5123a-0ebf-4a70-9dee-095dd038a13f,antipope.poker,available,10.99,67.99,medium,low,8,namesilo,,,19/09/2026 15:00
8e975b46-462d-4d11-88b6-ee9859b2b021,secretary.poker,premium,78.54,78.54,high,low,9,namesilo,,,25/09/2026 22:37
d721a6fb-9396-4e23-abab-02ad4b899cca,monkish.poker,available,5.98,85.98,medium,low,7,namecheap,,,25/08/2026 04:53
b75d281d-30c3-4f64-9670-32fdaaa92119,pedant.poker,available,5.98,85.98,medium,low,6,namecheap,,,09/09/2026 23:15
26e526cf-a0e2-42ec-98bd-197cf71a4eea,almost.poker,available,8.24,54.07,high,low,6,porkbun,,,28/09/2026 11:54
8bd352ed-01e2-4d67-918d-398f819df6ee,endogenic.poker,available,5.98,85.98,medium,low,9,namecheap,,,17/08/2026 01:13
1841f34a-151f-4a51-a741-b9e7b17f17d0,necklace.poker,available,52.2,52.2,high,low,8,cloudflare,,,27/09/2026 14:59
c365d424-70df-4b35-ac48-7350070aa00a,marty.poker,available,10.99,67.99,high,low,5,namesilo,,,25/09/2026 15:43
13c6e6a7-0cb7-4a3f-92d7-1cdc8bb7c25e,inquirer.poker,available,10.99,67.99,high,low,8,namesilo,,,20/09/2026 14:22
2fbbc79c-1611-48bd-9eba-45484cea877e,clogging.poker,available,5.98,85.98,medium,low,8,namecheap,,,12/08/2026 11:41
22761196-3237-49b2-91f7-b608e1678fdf,hardback.poker,available,5.98,85.98,medium,low,8,namecheap,,,21/08/2026 00:40
ca30f71c-0569-4de6-b11f-ddf50fee0e9e,cathartic.poker,available,5.98,85.98,high,low,9,namecheap,,,05/08/2026 22:20
b5b10f80-7924-4212-9adc-1cc7aea0dbe2,maitland.poker,available,5.38,54.02,medium,low,8,spaceship,,,28/09/2026 01:57
ed5fcbaf-48bd-4d9b-a2b9-e2f1c96f72d3,worse.poker,available,52.2,52.2,high,low,5,cloudflare,,,28/09/2026 10:56
2b8207f4-6cdd-488d-b951-2711c0eb073a,sandhopper.poker,available,10.99,67.99,medium,low,10,namesilo,,,22/09/2026 18:44
cfe7dc09-b308-47a7-9a4b-a83716d23241,process.poker,available,10.5,85.98,high,low,7,unstoppable,,,28/09/2026 08:33
63a8c567-0161-4aad-97da-e952cfc31fe7,geniality.poker,available,5.98,85.98,high,low,9,namecheap,,,17/09/2026 14:00
346e547c-d92e-4d36-b99d-d4db3a7247e5,pluperfect.poker,available,5.98,85.98,medium,low,10,namecheap,,,08/09/2026 22:00
77bb0b20-8cda-4870-9b3e-fada66e3a0b3,euclidian.poker,available,5.98,85.98,medium,low,9,namecheap,,,17/08/2026 14:04
7773d6a2-5585-4708-83fa-f362fdd23eb7,improperly.poker,available,5.98,85.98,medium,low,10,namecheap,,,15/09/2026 04:32
4f997ebd-625a-490e-92f7-803fbaeacd11,needy.poker,available,5.98,85.98,medium,low,5,namecheap,,,24/09/2026 06:57
e462c311-8276-4fd6-a1e7-2446528c1047,lohan.poker,available,10.99,67.99,medium,low,5,namesilo,,,20/09/2026 05:07
12702ed0-4939-4ac5-a732-9036de0f2e32,cheating.poker,premium,1107,1107,high,low,8,namesilo,,,12/08/2026 03:32
b5fd7cb7-79d4-44ba-ab02-ec24a7da8d5a,banishment.poker,available,10.99,67.99,medium,low,10,namesilo,,,22/09/2026 02:06
db5c333c-9b49-4ad3-a9a2-1b89f9450e67,almighty.poker,available,5.98,85.98,high,low,8,namecheap,,,
95988d1c-2a84-4084-935c-e49916f0a827,fundamentals.poker,available,10.99,67.99,high,low,12,namesilo,,,17/09/2026 09:40
eff7eef1-434d-404d-a36a-f49508563f0f,aquatic.poker,available,5.98,85.98,high,low,7,namecheap,,,06/08/2026 10:45
0c39566c-a852-41d4-bc11-b4302fcb438d,infra.poker,available,5.98,85.98,high,low,5,namecheap,,,15/09/2026 08:17
ec81d41b-23fb-4df4-b8e8-e571aab5e3da,lucinda.poker,available,5.38,54.02,high,low,7,spaceship,,,29/09/2026 15:29
16ab5d08-5f5c-4259-8ea1-72b5cd5ea620,oversee.poker,available,14.99,,high,low,7,name.com,,,
af92b705-8e45-494b-b1f0-38de05e8b697,aes.poker,premium,650,650,high,low,3,namecheap,,,29/09/2026 09:48
8e5b30c6-98f6-47f3-86e5-9aae8d1e9811,state.poker,premium,66.5,78.54,high,medium,5,unstoppable,,,29/09/2026 03:14
bf9f206f-4483-4453-b28b-697ff0e0c306,newly.poker,available,5.98,85.98,high,low,5,namecheap,,,18/08/2026 15:17
149427c1-0a8a-4d18-807e-996a73a4471a,suction.poker,available,8.24,55.86,high,low,7,dynadot,,,29/09/2026 14:01
4893ae00-ba66-4618-966e-a34991be8e40,bodyguard.poker,available,5.98,85.98,high,low,9,namecheap,,,24/09/2026 06:33
d8b287c6-bd9d-42a7-a2fb-60728b3744f2,embracing.poker,available,5.38,54.02,high,low,9,spaceship,,,29/09/2026 18:00
2ed55de9-d60b-42ae-8aaf-7a0185a62abf,bandage.poker,available,10.99,67.99,high,low,7,namesilo,,,22/09/2026 00:52
754f906d-b9cf-4acc-84b2-961c63f863b5,kidd.poker,available,8.24,54.07,high,low,4,porkbun,,,28/09/2026 01:23
63953d40-7f5b-4e41-a7a8-4b865db4f8b3,weedless.poker,available,5.98,85.98,medium,low,8,namecheap,,,13/09/2026 10:00
5d67a175-ed0e-4e1e-972c-9b32f7745df8,motherly.poker,available,5.98,85.98,high,low,8,namecheap,,,25/08/2026 07:06
2a2cf030-711f-4050-a5f9-5c5e3fd83f42,unexciting.poker,available,5.98,85.98,medium,low,10,namecheap,,,12/09/2026 09:32
9180a85f-9f3e-4013-93a8-220a3598f272,proudly.poker,available,5.98,85.98,high,low,7,namecheap,,,15/09/2026 21:48
d493b78d-390c-4e20-a6cf-ccb92a826144,unrealistic.poker,available,8.24,55.86,medium,low,11,dynadot,,,29/09/2026 21:08
acbabafd-6831-490b-8669-7e2559c8966c,revived.poker,available,5.98,85.98,high,low,7,namecheap,,,09/09/2026 11:00
ad0a3fa9-5e3e-4248-bce9-b0584725db79,advertise.poker,premium,66.5,,high,low,9,unstoppable,,,29/09/2026 20:39
d43346fd-6e56-4488-a233-0bb2977c53f1,lure.poker,available,10.99,67.99,high,low,4,namesilo,,,21/09/2026 19:43
07de4372-3c39-4deb-be04-256fdd36ea35,exogenous.poker,available,5.98,85.98,medium,low,9,namecheap,,,17/08/2026 17:33
8e3a539e-b0b7-4873-87e7-dfb6d6d26318,scrap.poker,available,5.98,85.98,high,low,5,namecheap,,,18/08/2026 03:49
339a3eb8-46ae-4bc2-9182-c4b23f8f9df9,pabulum.poker,available,5.98,85.98,medium,low,7,namecheap,,,12/08/2026 18:49
58671607-c322-48d3-aeb1-fc96735e0f73,choked.poker,available,5.98,85.98,medium,low,6,namecheap,,,12/08/2026 06:39
a7162c64-a610-43fe-a0c8-e9d78c4a7139,brewery.poker,available,5.38,54.02,high,low,7,spaceship,,,28/09/2026 18:30
409d8208-9a05-4ea1-9744-c705d1fdc724,cypher.poker,available,5.98,85.98,high,medium,6,namecheap,,,
9e574c23-689d-48a3-94be-6f41ea55bc5b,celibate.poker,available,5.98,85.98,high,low,8,namecheap,,,11/08/2026 23:25
b870ab3b-a924-4b79-b0a4-0af80f974564,retaliator.poker,available,10.99,67.99,medium,low,10,namesilo,,,21/09/2026 08:57
ac69fe9b-2f42-44d0-a450-89330e5fe5dd,settlement.poker,available,10.99,67.99,high,low,10,namesilo,,,28/09/2026 01:43
477203da-c7c3-4d9b-a5e9-9c31405e6322,adamantine.poker,available,5.98,85.98,medium,low,10,namecheap,,,
b031044a-e4ce-473b-94a9-5e41f445303c,haywood.poker,available,5.98,85.98,high,low,7,namecheap,,,23/09/2026 14:07
06d37835-c3f5-4891-83b8-7cc4087d64e2,cadet.poker,available,8.24,54.07,medium,low,5,porkbun,,,29/09/2026 00:18
2542fc97-2657-4ffe-9ee6-7be334139d35,lasted.poker,available,5.38,54.02,medium,low,6,spaceship,,,28/09/2026 04:59
39f762f5-c4a6-4987-8abe-fc240138b59f,painters.poker,available,10.99,67.99,medium,low,8,namesilo,,,29/09/2026 11:24
e9f3225a-0d4e-418d-b8f9-c5a2a87d480a,branchless.poker,available,5.98,85.98,medium,low,10,namecheap,,,11/08/2026 02:21
8375edd6-b75f-4b9b-809b-baec9ed7d6a0,akko.poker,available,5.98,85.98,high,low,4,namecheap,,,16/09/2026 22:23
264c2ff9-11e1-49f0-adc4-01ea7f1811ff,invigorate.poker,available,10.99,67.99,high,low,10,namesilo,,,22/09/2026 04:52
f502de40-26b8-44c7-b741-fc2fa88ceb6c,amor.poker,available,5.98,85.98,high,low,4,namecheap,,,18/09/2026 22:37
ec5701e6-4177-4a23-bb7f-8aa1ea61d054,rebound.poker,available,10.99,67.99,high,low,7,namesilo,,,21/09/2026 15:40
21994cec-8568-451c-b01c-acc2ebdf1db6,auditorium.poker,available,5.98,85.98,high,low,10,namecheap,,,21/09/2026 03:13
7a435b56-85b3-4e8d-9760-3430c6c1d6be,aftercare.poker,available,5.98,85.98,high,low,9,namecheap,,,17/09/2026 15:35
3e759f0c-3dff-4417-aaa3-a3e95d6f28a6,throttle.poker,available,10.99,67.99,high,low,8,namesilo,,,16/09/2026 21:47
ca24b9c9-7a87-4046-8454-628b7f283cbf,dank.poker,available,5.98,85.98,high,low,4,namecheap,,,12/08/2026 09:24
8a50fcd1-5493-4bd4-b63d-25497d01642b,while.poker,available,14.99,,high,low,5,name.com,,,
fa469039-322b-46b8-97fa-42e331a7ab94,imitative.poker,available,5.98,85.98,medium,low,9,namecheap,,,13/08/2026 03:34
5fdd5945-7b2e-46c6-8a6d-cf4e7690910e,flipping.poker,available,5.98,85.98,high,low,8,namecheap,,,17/09/2026 18:25
8c3177aa-157a-46b9-b1ac-18988bea7885,benefic.poker,available,5.98,85.98,medium,low,7,namecheap,,,09/08/2026 14:18
7f4a60a1-3fe4-4e84-8a41-6f7e067e9eaf,beigel.poker,available,5.98,85.98,high,low,6,namecheap,,,21/09/2026 17:54
e5c44304-6967-4e13-a696-805372e42fac,enraged.poker,available,5.98,85.98,medium,low,7,namecheap,,,
7ce6f2d0-7cc8-48bd-a299-14dbace16542,misplaced.poker,available,5.98,85.98,medium,low,9,namecheap,,,25/08/2026 01:32
c92ff86e-6f52-4c27-9210-271d70b1bf17,redden.poker,available,5.98,85.98,medium,low,6,namecheap,,,13/08/2026 06:34
c837fab2-9a46-44ae-905f-2382d5190898,thunderous.poker,available,14.99,88.49,medium,low,10,name.com,,,13/08/2026 19:56
cf537631-a161-4ee2-9b68-a7d265bf230f,dlc.poker,available,52.2,52.2,high,low,3,cloudflare,,,28/09/2026 12:11
50e51403-af6c-4ef8-b619-006ce4507b79,summertime.poker,available,5.98,85.98,high,low,11,namecheap,,,18/09/2026 00:39
2ff4f656-4e78-4b2f-875e-b7e3ed1655c4,ndp.poker,available,52.2,52.2,high,low,3,cloudflare,,,29/09/2026 09:39
80abba5a-251c-43a8-8acb-f50d35954c70,rensselaer.poker,available,5.38,54.02,high,low,10,spaceship,,,28/09/2026 04:19
bbd0a32a-3a65-4b81-ab42-204e7c7b8629,yob.poker,available,5.98,85.98,medium,low,3,namecheap,,,11/08/2026 08:46
3658f50b-956f-4710-9812-e39bc90a3f75,untried.poker,available,5.98,85.98,medium,low,7,namecheap,,,12/09/2026 21:15
89f73971-75f4-4622-abc8-c0230bb4f444,danceable.poker,available,14.99,88.49,high,low,9,name.com,,,13/08/2026 16:59
763d72e3-4dae-443a-9201-9ff096cdd15e,cato.poker,available,10.99,67.99,high,low,4,namesilo,,,28/09/2026 07:17
d605796e-a37e-46af-8f18-1bb8fc3558eb,undersea.poker,available,5.98,85.98,high,low,8,namecheap,,,11/09/2026 00:18
7fe0b893-377b-43ea-a942-212da98a5308,semiformal.poker,available,5.98,85.98,high,low,10,namecheap,,,10/08/2026 11:42
c5cc6517-a43c-46ff-a4c3-2a64265e20f5,unimpeded.poker,available,5.98,85.98,medium,low,9,namecheap,,,12/09/2026 13:10
3d633aae-5325-465d-81b3-8c1dc5fee14a,wii.poker,available,5.38,54.02,high,low,3,spaceship,,,28/09/2026 16:10
ebf2ad78-26e1-4d6c-a8ad-2b6b151a6ad9,diagnosed.poker,available,5.38,54.02,medium,low,9,spaceship,,,28/09/2026 23:36
4f6c9f00-7125-4d3d-a4f7-b65a54c85f96,gorky.poker,available,10.99,67.99,high,low,5,namesilo,,,18/09/2026 05:08
fd063ac4-1155-4285-836d-8acdf7e9a098,terrell.poker,available,10.99,67.99,medium,low,7,namesilo,,,28/09/2026 12:22
74c3e260-a0b2-483e-b19a-42dcd8aa3440,omdurman.poker,available,10.99,67.99,medium,low,8,namesilo,,,22/09/2026 15:32
9c4013b6-cad0-41c8-b61c-25d79f27d7db,wisdom.poker,available,14.99,,high,low,6,name.com,,,
350367ac-edf8-4e6b-93ee-ff62703906a5,inventive.poker,available,10.5,85.98,high,low,9,unstoppable,,,28/09/2026 05:59
d879734e-fbd9-4ddc-b4de-a6fb602faa00,herring.poker,available,10.99,67.99,high,low,7,namesilo,,,30/09/2026 01:03
ecb25be1-3621-4363-99b5-d6dcc7542ff5,prickly.poker,available,5.98,85.98,high,low,7,namecheap,,,08/08/2026 17:34
44efb7ec-e10b-4469-b40a-93910f36021e,brittany.poker,available,10.99,67.99,high,low,8,namesilo,,,27/09/2026 03:23
6bc9463b-94f8-462f-95c8-b72b4ba535c3,blueberry.poker,available,5.38,54.02,high,low,9,spaceship,,,30/09/2026 00:50
2f1c85f0-6441-4e63-af3a-fd25422808c7,pudding.poker,available,10.99,67.99,high,low,7,namesilo,,,28/09/2026 15:09
3b485111-1d63-4fc2-9dd0-0372915a00b6,ridden.poker,available,14.99,,high,low,6,name.com,,,
77432a08-b654-4147-b5ad-073756db2687,atavism.poker,available,10.99,67.99,medium,low,7,namesilo,,,20/09/2026 19:45
42009a07-f5c2-40b3-ac44-81b0846c04d3,props.poker,available,5.38,54.02,high,low,5,spaceship,,,29/09/2026 07:55
b79c07b6-7974-4c46-bc1e-a49df3661737,tens.poker,available,10.99,67.99,high,low,4,namesilo,,,29/09/2026 03:02
6bfa10c7-f738-4112-86f5-7c4b9852adeb,squeezable.poker,available,5.98,85.98,medium,low,10,namecheap,,,10/09/2026 17:41
15b0d486-44d7-47f0-b6e1-010213a4e79e,unpainted.poker,available,5.98,85.98,medium,low,9,namecheap,,,12/09/2026 16:25
11b926a0-f496-4d0f-8bc7-284fae41c9e3,aluminium.poker,available,5.98,85.98,high,low,9,namecheap,,,18/09/2026 00:20
b8769187-ed75-413d-9b9f-79a63b1846f1,abi.poker,available,5.38,54.02,high,low,3,spaceship,,,29/09/2026 03:38
1c87208f-b0ad-402f-a6f0-14fd1b1a66c5,recoil.poker,available,10.99,67.99,high,low,6,namesilo,,,21/09/2026 15:32
191b7ee0-5666-4fe0-93eb-db56cf955d94,hic.poker,available,14.99,,high,low,3,name.com,,,
08525c4d-232d-4e2f-be49-36b4608b763e,effeminate.poker,available,5.98,85.98,medium,low,10,namecheap,,,12/08/2026 08:34
c6e12abf-0688-424b-b8ce-c88501970928,tyke.poker,available,5.98,85.98,high,low,4,namecheap,,,25/08/2026 00:14
e68fc669-98ec-4560-adfd-0eacae946b71,westerly.poker,available,5.98,85.98,medium,low,8,namecheap,,,13/09/2026 10:53
3713c055-ec53-4eed-b7bf-8d7d8542cc79,winston.poker,available,10.99,67.99,high,low,7,namesilo,,,25/09/2026 14:24
4381a407-279a-432f-89a2-b2aa18bd74bd,backhoe.poker,available,10.99,67.99,high,low,7,namesilo,,,21/09/2026 15:37
ab132d70-2bc7-441a-9a07-aef1d9e22b3e,interruption.poker,available,5.38,54.02,medium,low,12,spaceship,,,29/09/2026 15:58
adb09892-efcb-448b-8da2-1db713836302,months.poker,available,5.98,85.98,high,low,6,namecheap,,,25/09/2026 18:02
b2931e2b-2486-41ff-954e-d8d3240dbbe5,fatuous.poker,available,5.98,85.98,low,low,7,namecheap,,,07/08/2026 02:39
66c6b908-42d5-466d-bd04-4f0eeca7b671,harsh.poker,available,5.98,85.98,medium,low,5,namecheap,,,12/08/2026 13:58
7811ba7d-bcc3-42df-a414-d6f465ded12b,untaped.poker,available,5.98,85.98,low,low,7,namecheap,,,12/09/2026 10:16
c5104171-bd9a-4209-85aa-d215eda367a2,fractious.poker,available,5.98,85.98,medium,low,9,namecheap,,,18/08/2026 13:53
cc44a1d5-cb06-46b2-a628-e304a46b816a,laurie.poker,available,10.99,67.99,high,low,6,namesilo,,,25/09/2026 17:15
fd8bc7c2-83c2-4704-9366-a97bb6df2d9c,elsie.poker,available,10.99,67.99,high,low,5,namesilo,,,27/09/2026 07:34
2bcfb828-4f47-433d-a52c-50235dd16497,ranger.poker,available,5.98,85.98,high,low,6,namecheap,,,27/09/2026 03:34
0dcb9875-082d-474f-8d0d-5687e3cfdd89,supper.poker,available,14.99,,high,low,6,name.com,,,
c7d4f327-d2e6-4623-b76f-1d7df43d2056,rheologic.poker,available,5.98,85.98,medium,low,9,namecheap,,,09/09/2026 16:35
ece57611-0c62-45e3-b55b-9c26279ed136,venter.poker,available,10.99,67.99,medium,low,6,namesilo,,,16/09/2026 14:46
ec5ff996-12c9-4f4e-aba5-c38f5195cf34,huddled.poker,available,5.98,85.98,medium,low,7,namecheap,,,21/08/2026 14:34
70f9406b-1e14-41cb-90d7-1600d38838b9,liner.poker,premium,78.54,78.54,high,low,5,namesilo,,,30/09/2026 02:08
89ed1cf5-7087-4182-9981-a086a7d057c4,entrenched.poker,available,10.99,67.99,medium,low,10,namesilo,,,24/09/2026 14:13
e9cb66e5-df0e-4a41-8b8f-cb7e9b28dc83,beading.poker,available,5.98,85.98,high,low,7,namecheap,,,22/09/2026 19:27
0d05d0ea-cfd5-4b27-899d-cf3d54503f53,devotedly.poker,available,5.98,85.98,medium,low,9,namecheap,,,14/09/2026 12:28
4b43a692-f387-43f1-ba12-b3c6743ec7ba,xxxii.poker,available,5.98,85.98,medium,low,5,namecheap,,,
d1529f7d-e87b-477c-9d3a-f311c472a901,jagged.poker,available,5.98,85.98,medium,low,6,namecheap,,,17/08/2026 12:32
a05bae27-5eac-43ca-87cc-7f2446546e14,giver.poker,available,14.99,88.49,high,low,5,name.com,,,23/09/2026 10:44
c6976d75-d5f2-4a99-b1a1-a2a8defa5be5,categorically.poker,available,14.99,,medium,low,13,name.com,,,
ee6395ca-0d5d-43ba-abc3-9800566122ad,witting.poker,available,5.98,85.98,medium,low,7,namecheap,,,12/08/2026 22:24
1cd8c185-4d50-4dd6-8b5f-244a5100d800,civilization.poker,available,10.99,67.99,high,low,12,namesilo,,,27/09/2026 07:12
d31c5375-51c7-4e0d-a507-baa289085db0,dumb.poker,available,5.98,85.98,high,low,4,namecheap,,,14/08/2026 21:03
7efe6a05-1983-406a-a4b1-11aad3bf7085,alter.poker,available,10.99,67.99,high,low,5,namesilo,,,28/09/2026 08:03
15a22b6b-f9cf-444a-88be-3a2ad4c1cb67,bellflower.poker,available,10.99,67.99,high,low,10,namesilo,,,23/09/2026 06:06
a2a3222c-73b6-4496-8df4-e2d5c1128f79,requests.poker,available,10.99,67.99,medium,low,8,namesilo,,,17/09/2026 17:07
fffd9324-ebd5-4ba7-914f-67c4f19e9ec6,filings.poker,available,14.99,,low,low,7,name.com,,,
6b1ed792-f69e-4db0-8ca3-e6e2ce3c572d,pigweed.poker,available,10.99,67.99,medium,low,7,namesilo,,,18/09/2026 15:54
791e4586-38c2-4977-97bd-62d458c0c8e7,riots.poker,available,10.5,,low,low,5,unstoppable,,,29/09/2026 05:50
be1fedca-b16f-419e-86e3-c92b28aa3c9c,metacarpal.poker,available,5.98,85.98,medium,low,10,namecheap,,,24/08/2026 21:30
9876f069-1baa-4c62-b050-4d5d2d4a9240,bister.poker,available,10.99,67.99,medium,low,6,namesilo,,,23/09/2026 22:08
41365fd6-ed3a-45ec-bd59-6e72e2c35dd0,downfield.poker,available,5.98,85.98,high,low,9,namecheap,,,14/08/2026 17:39
9ca3696e-6b90-4a11-ac55-36a16a58ddd4,seat.poker,available,5.98,85.98,medium,low,4,namecheap,,,09/08/2026 11:32
ed5c3a37-d787-45cb-a478-22a774fbd784,bergenia.poker,available,10.99,67.99,medium,low,8,namesilo,,,23/09/2026 09:20
346763af-9de9-45f2-8577-f2aa57426975,seekers.poker,available,10.99,67.99,medium,low,7,namesilo,,,21/09/2026 07:32
0f179b2f-0029-4e28-969c-dd946ce16a69,jessica.poker,available,5.98,85.98,high,low,7,namecheap,,,25/09/2026 18:08
0d43b37f-d499-4593-8061-7eff1b931eaa,plot.poker,available,10.99,67.99,high,low,4,namesilo,,,24/09/2026 22:09
cc1912a0-f32e-431e-97e7-451d59b9db65,dachshund.poker,available,5.98,85.98,high,low,9,namecheap,,,21/09/2026 17:04
a20a3a99-de10-4230-acac-58ea085c9ee3,capsule.poker,available,10.99,67.99,high,low,7,namesilo,,,28/09/2026 05:53
238c3912-4fbe-4ca7-bce2-0cfdeb49ab22,humoral.poker,available,5.98,85.98,medium,low,7,namecheap,,,21/08/2026 15:21
9622ee4b-0947-499f-89e8-eb85a5aaf6c5,antenatal.poker,available,10.99,67.99,high,low,9,namesilo,,,22/09/2026 05:59
95207d72-4874-452a-9ebe-f0d9af562dce,galicia.poker,available,10.5,,high,low,7,unstoppable,,,28/09/2026 01:58
1274cb5f-f3ee-4d6e-af5c-a4a08ecd7486,canyon.poker,available,8.24,55.86,high,low,6,dynadot,,,28/09/2026 05:22
374d894a-6643-4c07-9491-bccb989c58a2,subhuman.poker,available,5.98,85.98,medium,low,8,namecheap,,,10/09/2026 23:56
bd33bde8-1c1f-42e0-96ae-39cdb82aacc2,sized.poker,available,5.98,85.98,high,low,5,namecheap,,,10/09/2026 09:15
ae76e8f2-26e5-4f09-9458-676a15d7810d,towers.poker,available,52.2,52.2,medium,low,6,cloudflare,,,28/09/2026 08:26
33d0ead0-4744-4097-bd9c-8bd987cbbded,monumental.poker,available,5.98,85.98,high,low,10,namecheap,,,25/09/2026 17:13
4d0c00c4-cbe7-414a-bcb8-79fd80790c45,saxophone.poker,available,5.38,54.02,high,low,9,spaceship,,,29/09/2026 20:17
99746410-8b46-4a6d-99f9-340982b3c6aa,ward.poker,available,10.99,67.99,high,low,4,namesilo,,,16/09/2026 13:33
57b5408f-179c-497a-992e-820738268d10,byzantine.poker,available,5.98,85.98,high,low,9,namecheap,,,11/08/2026 12:12
ecd7ddbc-4fe7-4a38-91ee-6d2408fb819e,tandem.poker,available,5.98,85.98,high,low,6,namecheap,,,15/09/2026 06:56
bf257af5-f7ef-45c7-96c4-fa89eb2feb68,woolf.poker,available,10.99,67.99,medium,low,5,namesilo,,,17/09/2026 07:19
e68434b6-ba9b-4d8d-a2d7-75f3508a6033,dietrich.poker,available,5.98,85.98,high,low,8,namecheap,,,27/09/2026 03:44
2b581d12-1d6c-4586-b4a7-48a570d528a4,khz.poker,available,5.98,85.98,high,low,3,namecheap,,,25/09/2026 08:09
ffa50636-64bf-43de-93f5-e2d7c82de940,colbert.poker,available,5.38,54.02,medium,low,7,spaceship,,,27/09/2026 12:41
426be20a-3bbb-49bd-ad9a-39c5f7b77b27,adolf.poker,available,8.24,55.86,medium,low,5,dynadot,,,29/09/2026 23:45
142b5b25-aca7-4dd9-bf3e-1f06a5abbfc5,tacit.poker,available,5.98,85.98,high,low,5,namecheap,,,11/09/2026 06:56
b6a5ee9c-0e28-4e91-a274-e76720f64020,wood.poker,available,5.98,85.98,high,medium,4,namecheap,,,25/09/2026 05:31
0c4035f7-0e6b-4d4c-abdf-a810ab860c68,hypothetical.poker,available,52.2,52.2,medium,low,12,cloudflare,,,29/09/2026 02:54
f59e0f93-cd31-4f46-9929-a87d2e3570c7,diver.poker,available,10.99,67.99,high,low,5,namesilo,,,29/09/2026 00:40
fedf3be1-b6cd-460f-9804-bf81111bfec4,sedulous.poker,available,5.98,85.98,medium,low,8,namecheap,,,07/08/2026 06:14
454022b1-7929-44ce-a2ff-af3554899372,resume.poker,available,10.99,67.99,high,low,6,namesilo,,,24/09/2026 04:16
a7916de0-c9ec-4a5d-bb8c-af7c3a9cb660,permeable.poker,available,5.98,85.98,high,low,9,namecheap,,,08/09/2026 17:36
2cf94eae-230f-4c9e-b1db-57ecf41db546,doula.poker,available,5.98,85.98,high,low,5,namecheap,,,23/09/2026 21:09
3229da43-df42-4339-9fa3-8d7bd32e2443,cuthbert.poker,available,10.99,67.99,medium,low,8,namesilo,,,29/09/2026 03:58
a4d417ea-6e2b-42ec-a4a8-f295edc2360b,southport.poker,available,5.38,54.02,medium,low,9,spaceship,,,29/09/2026 04:35
39f58368-2a8e-4d60-946c-731dc86208ba,blockade.poker,available,8.24,55.86,medium,low,8,dynadot,,,29/09/2026 01:13
a76152cd-ba7e-4d57-b051-7c174bb94655,scraping.poker,available,5.38,54.02,high,low,8,spaceship,,,30/09/2026 02:48
60f2ca43-98ab-44dc-a95d-9548770623dc,crisply.poker,available,5.98,85.98,medium,low,7,namecheap,,,14/09/2026 09:37
34ff1f2b-17da-4fa6-b0b3-7f941947167f,eastwood.poker,available,5.38,54.02,high,low,8,spaceship,,,28/09/2026 21:36
7d7d9488-bc1c-4e85-8053-0569d45f019a,wanted.poker,available,10.99,67.99,high,low,6,namesilo,,,23/09/2026 14:03
99214ecc-44ec-40c8-b54c-16fcb3c76231,heinz.poker,premium,78.54,78.54,high,low,5,namesilo,,,25/09/2026 07:09
08da1fe2-20c1-4ba9-9464-4eaa3917f9e2,mcdonald.poker,premium,625,,high,low,8,name.com,,,
b320abd9-1a70-484a-bc9c-6110b76a12f3,apiary.poker,available,10.99,67.99,high,low,6,namesilo,,,19/09/2026 17:20
a4815c12-3add-4d85-b6ae-a01a5c4f5f00,gnarly.poker,available,5.98,85.98,medium,low,6,namecheap,,,20/08/2026 15:38
07f5cc60-6b22-4418-b44c-b941345db1bc,generously.poker,available,5.98,85.98,high,low,10,namecheap,,,14/09/2026 21:14
6b9ddcb3-30b5-4ae8-9bb8-c9d6efabef8c,icy.poker,available,5.98,85.98,medium,low,3,namecheap,,,18/08/2026 16:29
866f015e-2e19-4e1d-a3e5-cfec359ccb8b,too.poker,available,10.99,67.99,high,low,3,namesilo,,,28/09/2026 12:00
6ff0a308-2c36-471a-a13c-90c46113137e,augur.poker,available,10.99,67.99,high,low,5,namesilo,,,21/09/2026 03:21
345b46e9-6c53-451a-8c37-24f2d4c424d3,vulvar.poker,available,5.98,85.98,medium,low,6,namecheap,,,13/09/2026 07:29
ea61d706-df53-4cf4-a5ab-8cc96f64b938,abatement.poker,available,10.99,67.99,medium,low,9,namesilo,,,16/09/2026 14:09
e1fc267f-8f2f-4e4a-87eb-ed3bd4a6fbcf,wealthy.poker,available,10.99,67.99,high,low,7,namesilo,,,21/09/2026 21:57
a5bbc534-7088-4697-aeae-2dedf7e86b28,whiz.poker,available,5.98,85.98,high,low,4,namecheap,,,21/09/2026 18:01
66e9dd3b-adb9-44c7-aa91-9e5a3e68d928,anticipate.poker,available,14.99,,high,low,10,name.com,,,
22683d05-91c0-48ca-ab3d-fcf904c1afdd,calendars.poker,available,5.98,85.98,medium,low,9,namecheap,,,16/09/2026 19:52
92fde0b0-68dc-45a5-bf52-e90e7af0a4f4,subsets.poker,available,10.99,67.99,medium,low,7,namesilo,,,21/09/2026 01:05
35a6e115-f865-46bd-9e9d-cc42af15fcbc,victorian.poker,available,10.99,67.99,high,low,9,namesilo,,,27/09/2026 05:38
5fb86d1f-1b00-41fa-a60e-1d01d3ace0f7,say.poker,available,14.99,,high,low,3,name.com,,,
4c1f14cb-5e70-4a3c-93a7-2f2ab7971fb1,snuggle.poker,available,5.98,85.98,high,low,7,namecheap,,,24/09/2026 20:12
1b0c6b1b-af02-4575-a74f-72979d20ba67,divided.poker,available,5.98,85.98,medium,low,7,namecheap,,,14/08/2026 13:42
2e4541a3-658d-415c-a0a1-fe7a25272ba8,anyone.poker,available,14.99,,medium,low,6,name.com,,,
ed4c52f1-f8f2-40bf-8169-284a97c76a99,house.poker,premium,3750,3750,high,medium,5,name.com,,,24/09/2026 18:37
88a4f973-6058-435a-b55a-8daa3260d3ec,entrancing.poker,available,5.98,85.98,medium,low,10,namecheap,,,09/08/2026 18:23
9219db73-768c-402d-8e45-af2dff59f4cd,aia.poker,premium,85.8,85.8,high,low,3,namecheap,,,28/09/2026 21:25
83915a5f-2577-4d1e-8f7c-60a76ad8be01,tucker.poker,available,5.98,85.98,high,low,6,namecheap,,,23/09/2026 08:24
6242ef35-1bd0-46f3-8a7e-e3d8012062a8,eligible.poker,available,5.98,85.98,high,low,8,namecheap,,,16/08/2026 04:35
e301d761-be88-4ba0-9275-c68c6052ea2a,congress.poker,available,10.99,67.99,high,low,8,namesilo,,,24/09/2026 13:02
d7feff08-de8e-4d80-aea9-89d9d9747ea6,dignified.poker,available,14.99,88.49,high,low,9,name.com,,,24/09/2026 08:18
37c5933e-0105-4ae6-9451-d06af1e1a24c,diminishing.poker,available,14.99,,high,low,11,name.com,,,
bad28511-8e92-449d-b1b5-4a58130561b2,providing.poker,available,8.24,54.07,high,low,9,porkbun,,,28/09/2026 07:19
dfd608d6-b5f1-4b36-bdb6-8ed5b58b2761,bladed.poker,available,5.98,85.98,medium,low,6,namecheap,,,10/08/2026 12:14
8b6fe4b0-a253-4538-be53-dc35e3c74914,canonic.poker,available,5.98,85.98,medium,low,7,namecheap,,,11/08/2026 17:22
dd8a7ef4-023c-4f2b-81c6-279c5144103b,cesium.poker,available,10.99,67.99,medium,low,6,namesilo,,,20/09/2026 23:15
37b8fe75-3ba3-4145-b7c7-c206175fd133,bemock.poker,available,5.98,85.98,medium,low,6,namecheap,,,25/08/2026 02:26
008c742b-9189-4d00-b645-ecf1c7538dd8,michelson.poker,available,10.99,67.99,medium,low,9,namesilo,,,16/09/2026 12:52
d6de62be-5020-4294-a6b6-57ca9ab67541,earl.poker,available,5.38,54.02,high,low,4,spaceship,,,28/09/2026 05:33
5bfccfe1-7875-43bd-a414-6f76a959e0b8,submissive.poker,available,5.98,85.98,medium,low,10,namecheap,,,11/09/2026 00:25
d7906822-9ae1-4aeb-8fe4-cd99506eca69,bethune.poker,available,10.99,67.99,medium,low,7,namesilo,,,23/09/2026 11:17
d76be20d-ef2d-471f-a871-07babfb68574,running.poker,available,8.24,54.07,high,low,7,porkbun,,,27/09/2026 17:05
bb9bfe95-a761-4cda-88c8-a5acf2063365,snowball.poker,available,10.99,67.99,high,low,8,namesilo,,,16/09/2026 17:20
84d502fc-7125-4ceb-af6b-5e85cd69072e,escobar.poker,available,5.38,54.02,high,low,7,spaceship,,,29/09/2026 22:26
8abf1587-8ce9-484c-a611-6bbb33dd2684,sacks.poker,available,5.98,85.98,medium,low,5,namecheap,,,20/09/2026 18:55
beabb546-df7b-4d47-9762-7eb94331c9f7,exercising.poker,available,10.5,,high,low,10,unstoppable,,,29/09/2026 18:30
5dc83f20-4d7f-45bd-9388-18e6e44001f2,alibi.poker,available,10.99,67.99,high,low,5,namesilo,,,18/09/2026 07:24
a873f391-6874-4d3b-abc3-7ed0ca5325cd,ultimo.poker,available,5.98,85.98,high,low,6,namecheap,,,11/09/2026 22:47
fcfb1303-f704-44da-b097-c8c3eef8c29f,minsk.poker,premium,500.5,,high,low,5,unstoppable,,,28/09/2026 05:24
e76e65cb-9fe0-4dfa-847e-3585bc01b6ca,mentions.poker,available,5.98,85.98,medium,low,8,namecheap,,,17/09/2026 17:25
ba5c52c1-e8ea-4d1d-8bff-f0e67fa97ffe,manor.poker,available,5.38,54.02,high,low,5,spaceship,,,28/09/2026 19:49
665cc95b-5594-4e85-b252-695761743b47,landscape.poker,available,10.99,67.99,high,low,9,namesilo,,,28/09/2026 12:24
5cbf5fb3-cad1-409b-b3ac-975d4c4e1139,cornelius.poker,available,10.99,67.99,high,low,9,namesilo,,,25/09/2026 15:10
590c4875-2ab6-496c-83b6-07289dc55ce1,influence.poker,available,5.98,85.98,high,low,9,namecheap,,,08/09/2026 08:44
fb3df576-b041-41f3-a3c2-94f934aa7f11,ruffled.poker,available,5.98,85.98,high,low,7,namecheap,,,18/08/2026 15:53
f6d05e85-fe85-4d3e-b390-0b6a05d79be0,calmly.poker,available,5.98,85.98,high,low,6,namecheap,,,14/09/2026 05:04
c3636bf3-fad5-4757-b343-c993ae435c44,estado.poker,available,14.99,,high,low,6,name.com,,,
986e8b97-513c-48cb-befa-20de88d3a1ac,stocky.poker,available,5.98,85.98,medium,low,6,namecheap,,,21/08/2026 05:33
d264b001-bcb5-4444-9150-f45df2934e05,mysore.poker,available,10.5,,medium,low,6,unstoppable,,,28/09/2026 19:36
64afa7b7-c42c-444f-9ea4-d4247df6dfdb,reinforced.poker,available,10.99,67.99,high,low,10,namesilo,,,23/09/2026 10:25
68394731-0c4e-4101-abc8-f82870e9c1e9,disciple.poker,available,5.98,85.98,high,low,8,namecheap,,,
f7a7aa66-b40e-447f-a1ae-ed4fa96611a9,refractory.poker,available,5.98,85.98,medium,low,10,namecheap,,,18/08/2026 13:55
2847b364-d425-420d-908d-323f1dd01a56,siamese.poker,available,5.98,85.98,high,low,7,namecheap,,,10/09/2026 07:27
02a3385a-637d-4839-af47-99f5cd6cf8e5,aldehyde.poker,available,5.98,85.98,high,low,8,namecheap,,,18/09/2026 04:24
dd17b1ac-6ca8-4902-9adf-086bf2f06b96,discouraged.poker,available,5.38,54.02,medium,low,11,spaceship,,,29/09/2026 14:36
13686920-81ac-402f-96ca-c7d504d03b0f,cfs.poker,premium,,,high,low,3,,,,29/09/2026 03:24
31667986-f086-4245-b09c-cc5fa1d47cdd,chartres.poker,available,5.38,54.02,medium,low,8,spaceship,,,29/09/2026 11:53
3fe1b3df-49cd-4aaa-9be5-ce2986dd0268,frick.poker,available,5.38,54.02,medium,low,5,spaceship,,,29/09/2026 01:01
b4109f55-d166-4151-a226-514530c75adf,limbs.poker,available,10.99,67.99,medium,low,5,namesilo,,,29/09/2026 04:58
872984a2-e2c0-4d88-84c3-3a2e47fa4967,consenting.poker,available,5.98,85.98,high,low,10,namecheap,,,12/08/2026 22:35
ad660380-f657-441e-b916-93178f0ae149,acervulus.poker,available,10.99,67.99,medium,low,9,namesilo,,,16/09/2026 23:44
55efbdbd-2284-461c-9cd5-c947007dd1ec,inwardly.poker,available,5.98,85.98,medium,low,8,namecheap,,,15/09/2026 09:18
66824709-6094-447e-aee1-87bd101c363a,obscure.poker,available,5.98,85.98,high,low,7,namecheap,,,05/08/2026 21:59
87034716-a43e-4a31-9857-47cc25c70413,types.poker,available,5.98,85.98,medium,low,5,namecheap,,,18/09/2026 16:19
bc61c579-c449-4d38-8a18-c745659d1805,asterope.poker,available,10.99,67.99,medium,low,8,namesilo,,,20/09/2026 17:16
54749f58-46df-4039-b1ac-e544d905f56a,smashingly.poker,available,5.98,85.98,medium,low,10,namecheap,,,16/09/2026 02:49
25e06298-379f-43fb-8c9a-d787ec57d4cf,adjusted.poker,available,10.99,67.99,high,low,8,namesilo,,,21/09/2026 18:42
3bdf8551-dbba-4929-8e35-1c38cede6580,aroid.poker,available,5.98,85.98,medium,low,5,namecheap,,,06/08/2026 11:30
04947574-ea8d-473b-abbe-ef2dbbff297f,freeway.poker,available,5.38,54.02,high,low,7,spaceship,,,29/09/2026 18:44
a9b64673-1e2e-4699-95a3-21b2360addfc,invite.poker,available,10.5,,high,low,6,unstoppable,,,30/09/2026 00:22
040984b8-7151-48e4-a867-527da97218f7,are.poker,available,5.38,54.02,high,low,3,spaceship,,,28/09/2026 22:00
8643c5c2-7761-49f5-89e7-ba5ad749c054,agreeing.poker,available,8.24,55.86,high,low,8,dynadot,,,28/09/2026 15:41
dad41ac6-05cb-4687-b13e-78e92eecaa8c,humane.poker,available,10.99,67.99,high,low,6,namesilo,,,25/09/2026 06:31
3ecb3237-6898-45a2-adbb-e34ac33cf9d4,freeborn.poker,available,5.98,85.98,medium,low,8,namecheap,,,18/08/2026 14:53
658422bb-c1fc-43e9-bf0a-226a4f6d80e8,conceive.poker,available,5.38,54.02,high,low,8,spaceship,,,29/09/2026 14:04
4741dd6a-ef44-47a3-a70b-fad6f8bf9b22,voluptuary.poker,available,5.98,85.98,medium,low,10,namecheap,,,24/08/2026 12:27
db8583b8-8a45-471f-8944-89aafefcd615,stain.poker,available,5.98,85.98,high,low,5,namecheap,,,25/09/2026 16:55
b314d818-6d30-44a8-82ed-337be3614f18,adorable.poker,available,5.98,85.98,high,low,8,namecheap,,,21/09/2026 19:18
6172c2a3-ee02-4910-882a-4cb8c8e98e3c,tian.poker,available,5.38,54.02,medium,low,4,spaceship,,,28/09/2026 16:02
fae3fdde-47c2-43a2-8378-a6fb6a4c2b1e,decent.poker,available,5.98,85.98,high,low,6,namecheap,,,09/08/2026 06:17
d288a6cc-3145-4cdc-8944-d9413f595997,attachments.poker,available,10.99,67.99,medium,low,11,namesilo,,,21/09/2026 01:43
6469cf46-e602-4afe-b47c-991affa42683,density.poker,available,5.38,54.02,high,low,7,spaceship,,,29/09/2026 11:57
d3fa737e-91ab-48f9-842a-58adb3708265,rufous.poker,available,52.2,52.2,high,low,6,cloudflare,,,29/09/2026 22:57
629fab50-b34f-4f0e-9f46-4ab5881f4f49,platte.poker,available,5.38,54.02,high,low,6,spaceship,,,28/09/2026 02:56
0141f49f-faea-4924-99cc-42679c85260f,automatic.poker,premium,78.54,78.54,high,low,9,namesilo,,,22/09/2026 14:02
93cc3f67-14e8-4727-b15e-38862b395ddf,gui.poker,available,10.99,67.99,high,low,3,namesilo,,,28/09/2026 09:56
bf818e23-984c-4708-91e6-d71299cc0ed0,spoilt.poker,available,5.98,85.98,medium,low,6,namecheap,,,10/08/2026 14:19
e8c2f471-d0c6-437f-a1a6-014ed4c33198,clipped.poker,available,5.98,85.98,high,low,7,namecheap,,,12/08/2026 11:16
00278131-0c7c-4dd6-af52-6f24a45940fa,alternatively.poker,available,10.99,67.99,medium,low,13,namesilo,,,16/09/2026 12:44
115e8fb0-77db-4b00-8ac6-abc62c67bbd6,junoesque.poker,available,5.98,85.98,medium,low,9,namecheap,,,22/08/2026 14:31
c4a52bd6-57ae-48b0-8c19-9b62824a221b,educated.poker,available,10.99,67.99,high,low,8,namesilo,,,24/09/2026 13:27
f0e5319f-d56a-44da-a26c-b22979811d9a,simplify.poker,available,14.99,,high,low,8,name.com,,,
c4b858dd-9219-4bf5-b600-4127a879759e,attentive.poker,available,10.99,67.99,high,low,9,namesilo,,,22/09/2026 11:22
a99bb86b-a20a-4c0e-8714-e55486d30b32,saddam.poker,available,5.98,85.98,medium,low,6,namecheap,,,25/09/2026 23:11
edadbb4e-e4c2-4758-b40c-590e7a24cfb6,lifeless.poker,available,5.98,85.98,medium,low,8,namecheap,,,17/08/2026 15:52
9fe70e97-e81d-4352-8d97-a88a254c37cc,helene.poker,available,10.99,67.99,medium,low,6,namesilo,,,28/09/2026 12:07
9b87dca2-3b3a-4d60-bc7e-b4511f79ac5a,hardiness.poker,available,52.2,52.2,high,low,9,cloudflare,,,29/09/2026 18:02
26f4acfc-a982-4b73-8713-cfa5c6318df6,ordain.poker,available,5.98,85.98,high,low,6,namecheap,,,12/08/2026 22:27
28ca51a2-d166-4235-a030-6821ce28bf7a,clapping.poker,available,5.98,85.98,high,low,8,namecheap,,,19/09/2026 20:57
a59915eb-3e62-453d-b6a6-3f7e5e6c7efa,depress.poker,available,10.99,67.99,high,low,7,namesilo,,,29/09/2026 15:56
a5dfd268-585e-48ed-b93a-9ccfabac3478,beefalo.poker,available,10.99,67.99,medium,low,7,namesilo,,,23/09/2026 01:04
b6c250d5-bb98-40e0-a57b-f837f4d91d1a,senior.poker,available,10.99,67.99,high,low,6,namesilo,,,21/09/2026 22:36
0f68bd2a-e680-4bae-b97b-e3f033d655d7,vendable.poker,available,5.98,85.98,medium,low,8,namecheap,,,24/08/2026 20:30
facdc247-5efb-4b70-b541-89b47571b4f7,angostura.poker,available,5.98,85.98,medium,low,9,namecheap,,,19/09/2026 07:08
f321e43f-8108-4297-b0ec-f170dcb980bb,wasteland.poker,available,5.98,85.98,medium,low,9,namecheap,,,08/08/2026 21:11
49096d25-c98b-4e99-bac5-0b08dc9a6f1d,thicker.poker,available,10.99,67.99,medium,low,7,namesilo,,,29/09/2026 16:25
9abd77be-1f8c-4ddf-a9a9-a70b03a5f9a6,rightish.poker,available,5.98,85.98,medium,low,8,namecheap,,,09/09/2026 17:35
20ea8b08-32ee-4001-9bf5-73903a30a283,breathed.poker,available,5.98,85.98,medium,low,8,namecheap,,,11/08/2026 03:16
3c482639-c1c8-4e23-9232-b996f1f6023c,compatible.poker,available,10.99,67.99,high,low,10,namesilo,,,23/09/2026 16:57
22b9ead3-36a8-453f-b63b-c2de04b90742,residential.poker,available,10.5,,high,low,11,unstoppable,,,29/09/2026 03:03
602e8b7c-c213-49d2-811c-bbe7d938ce8d,dissociate.poker,available,5.98,85.98,medium,low,10,namecheap,,,14/08/2026 11:11
5ac422fe-bef3-416a-9d18-be5210e33336,trait.poker,available,5.98,85.98,high,low,5,namecheap,,,29/09/2026 08:15
d806259a-b0cb-4dfe-b3ce-680bc95afcd7,extortion.poker,available,10.99,67.99,medium,low,9,namesilo,,,29/09/2026 12:13
f8def650-788f-430e-b0bd-3e3825c32932,bigness.poker,available,10.99,67.99,medium,low,7,namesilo,,,23/09/2026 15:14
55d2aa58-8a9e-42d7-a398-8be5c29bf8fd,renascent.poker,available,5.98,85.98,high,low,9,namecheap,,,09/09/2026 13:55
7395b3da-135c-47fa-8e8c-49271a1059a4,milan.poker,premium,68.51,68.51,high,low,5,spaceship,,,29/09/2026 07:37
f3ede670-60e3-4b9a-9423-57644f82465a,secular.poker,available,5.98,85.98,medium,low,7,namecheap,,,22/08/2026 18:49
4dc3b073-7621-441d-87d3-defccbdab3dc,fore.poker,available,5.98,85.98,high,low,4,namecheap,,,18/08/2026 11:26
ca158dc1-0243-4420-a750-3776d9765b4f,beograd.poker,available,5.98,85.98,high,low,7,namecheap,,,23/09/2026 05:12
7132de13-5c56-4e86-b1d9-bdd815a614d7,brewster.poker,available,8.24,55.86,medium,low,8,dynadot,,,28/09/2026 11:34